1,Future,Life Is Good (feat. Drake)
2,Roddy Ricch,The Box
3,Lil Baby,Sum 2 Prove
4,Roddy Ricch,High Fashion (feat. Mustard)
5,Moneybagg Yo,U Played (feat. Lil Baby)
6,Mac Miller,Good News
7,Roddy Ricch,Start wit Me (feat. Gunna)
8,Mustard,Ballinâ (feat. Roddy Ricch)
9,DaBaby,BOP
10,Lil Baby,Woah
11,JACKBOYS,OUT WEST (feat. Young Thug)
12,Moneybagg Yo,Protect da Brand (feat. DaBaby)
13,Justin Bieber,Yummy
14,DaBaby,VIBEZ
15,Lil Uzi Vert,Futsal Shuffle 2020
16,Moneybagg Yo,Federal Fed (feat. Future)
17,DaBaby,TOES (feat. Lil Baby & Moneybagg Yo)
18,Juice WRLD & YoungBoy Never Broke Again,Bandit
19,Moneybagg Yo,1 2 3 (feat. Blac Youngsta)
20,YNW Melly,Suicidal
21,Moneybagg Yo,Speak 4 Em
22,Roddy Ricch,Peta (feat. Meek Mill)
23,Roddy Ricch,Bacc Seat (feat. Ty Dolla $ign)
24,Arizona Zervas,ROXANNE
25,Tones and I,Dance Monkey
26,Roddy Ricch,Tip Toe (feat. A Boogie wit da Hoodie)
27,Post Malone,Circles
28,JACKBOYS & Sheck Wes,GANG GANG
29,Chris Brown,No Guidance (feat. Drake)
30,Don Toliver,No Idea
31,Selena Gomez,Rare
32,Moneybagg Yo,Pistol by da Bed
33,Moneybagg Yo,Pop My S**t
34,"Quality Control, Lil Baby & DaBaby",Baby
35,Trevor Daniel,Falling
36,Roddy Ricch,Perfect Time
37,Don Toliver,HAD ENOUGH (feat. Quavo & Offset)
38,BROCKHAMPTON,SUGAR
39,Roddy Ricch,Big Stepper
40,Selena Gomez,Lose You to Love Me
41,The Weeknd,Blinding Lights
42,Billie Eilish,everything i wanted
43,Moneybagg Yo,Match My Fly
44,The Weeknd,Heartless
45,Moneybagg Yo & Megan Thee Stallion,All Dat
46,Harry Styles,Adore You
47,Roddy Ricch,Moonwalkin (feat. Lil Durk)
48,Halsey,You should be sad
49,Travis Scott,HIGHEST IN THE ROOM
50,"JACKBOYS, Pop Smoke & Travis Scott",GATTI
51,YoungBoy Never Broke Again,Make No Sense
52,Roddy Ricch,Boom Boom Room
53,JACKBOYS & Travis Scott,WHAT TO DO? (feat. Don Toliver)
54,Summer Walker & Bryson Tiller,Playing Games (Extended Version)
55,Moneybagg Yo,Bitch
56,Roddy Ricch,War Baby
57,Camila Cabello,My Oh My (feat. DaBaby)
58,Moneybagg Yo,Thinking Out Loud
59,Lewis Capaldi,Someone You Loved
60,Trippie Redd,6 Kiss (feat. Juice WRLD & YNW Melly)
61,Rod Wave,Heart on Ice
62,Dua Lipa,Don't Start Now
63,Young Thug,Hop Off a Jet (feat. Travis Scott)
64,DaBaby,Suge
65,Roddy Ricch,Roll Dice
66,Travis Scott,HIGHEST IN THE ROOM (REMIX) [feat. ROSALÃA & Lil Baby]
67,Summer Walker & Usher,Come Thru
68,Lil Tjay,20/20
69,Moneybagg Yo,Thug Cry
70,YoungBoy Never Broke Again,Hot Now
71,Khalid,Eleven
72,Young Thug,Hot (feat. Gunna)
73,Drake,Money In The Grave (feat. Rick Ross)
74,Moneybagg Yo,Real Luv (feat. Summer Walker)
75,Roddy Ricch,Gods Eyes
76,Post Malone & Swae Lee,Sunflower (Spider-Man: Into the Spider-Verse)
77,Summer Walker,I'll Kill You (feat. JhenÃ© Aiko)
78,Lil Tjay,F.N
79,Olivia Rodrigo,All I Want
80,Dan + Shay & Justin Bieber,"10,000 Hours"
81,H.E.R.,Slide (feat. YG)
82,Maroon 5,Memories
83,Roddy Ricch,Intro
84,Baby Keem,ORANGE SODA
85,Bad Bunny,Vete
86,Rod Wave,Green Light
87,blackbear,hot girl bummer
88,Selena Gomez,Ring
89,Young Thug,The London (feat. J. Cole & Travis Scott)
90,Moneybagg Yo,Dem People Freestyle
91,Harry Styles,Watermelon Sugar
92,Young Thug,Hot (Remix) [feat. Gunna and Travis Scott]
93,Megan Thee Stallion,Cash S**t (feat. DaBaby)
94,Young Thug,Bad Bad Bad (feat. Lil Baby)
95,Young Thug,Diamonds (feat. Gunna)
96,Juice WRLD,Robbery
97,Trippie Redd,Death (feat. DaBaby)
98,Juice WRLD,Lucid Dreams
99,Trippie Redd,Hate Me (feat. YoungBoy Never Broke Again)
100,Moneybagg Yo,Spin on Em (feat. Fredo Bang)
101,Doja Cat,Say So
102,Chris Brown,Heat (feat. Gunna)
103,Tory Lanez & T-Pain,Jerry Sprunger
104,Flipp Dinero,How I Move (feat. Lil Baby)
105,Old Dominion,One Man Band
106,Rod Wave,Sky Priority
107,Likybo,Kraazy
108,Quando Rondo,Bad Vibe (feat. A Boogie Wit da Hoodie & 2 Chainz)
109,Billie Eilish,bad guy
110,Lil Baby & Gunna,Drip Too Hard
111,Trippie Redd,Who Needs Love
112,Post Malone,Goodbyes (feat. Young Thug)
113,Summer Walker,Body
114,YoungBoy Never Broke Again,Self Control
115,TOKYOâS REVENGE,Goodmorningtokyo!
116,Rod Wave,Dark Conversations
117,YNW Melly,223's (feat. 9lokknine)
118,Selena Gomez,Dance Again
119,Russ & BIA,BEST ON EARTH
120,Wale,On Chill (feat. Jeremih)
121,Roddy Ricch,Prayers to the Trap God
122,KAROL G & Nicki Minaj,Tusa
123,YoungBoy Never Broke Again,Lonely Child
124,Gabby Barrett,I Hope
125,Halsey,Graveyard
126,Rod Wave,Cuban Links (feat. Kevin Gates)
127,JP Saxe,If the World Was Ending (feat. Julia Michaels)
128,Lil Baby & Drake,Yes Indeed
129,Kehlani,All Me (feat. Keyshia Cole)
130,Lizzo,Truth Hurts
131,Rod Wave,Brace Face
132,"T.R.U., 2 Chainz & Skooly",Virgil Discount
133,Meek Mill,Going Bad (feat. Drake)
134,Little Mosey,Blueberry Faygo
135,Travis Scott,SICKO MODE
136,Post Malone,Wow.
137,Diplo,Heartless (feat. Morgan Wallen)
138,Juice WRLD,Let Me Know (I Wonder Why Freestyle)
139,JayDaYoungan,23 Island
140,Rod Wave,Poison
141,Young Thug,Millions
142,Lil Mosey,Stuck in a Dream (feat. Gunna)
143,Selena Gomez,Vulnerable
144,Doja Cat & Tyga,Juicy
145,Pop Smoke,Dior
146,Rod Wave,Close Enough to Hurt
147,Post Malone,Take What You Want (feat. Ozzy Osbourne & Travis Scott)
148,Juice WRLD,All Girls Are the Same
149,Post Malone,Enemies (feat. DaBaby)
150,DaBaby,INTRO
151,Halsey,Without Me
152,Quando Rondo,Blue Opps
153,Polo G,Pop Out (feat. Lil Tjay)
154,Harry Styles,Falling
155,Sam Fischer,This City
156,NLE Choppa,Camelot
157,Selena Gomez & 6LACK,Crowded Room
158,Summer Walker,Stretch You Out (feat. A Boogie wit da Hoodie)
159,Kaash Paige,Love Songs (Bonus)
160,YoungBoy Never Broke Again,Ranada
161,JhenÃ© Aiko,None of Your Concern (feat. Big Sean)
162,DaBaby,Baby Sitter (feat. Offset)
163,A Boogie wit da Hoodie,Reply (feat. Lil Uzi Vert)
164,Selena Gomez,Look At Her Now
165,Billie Eilish,when the party's over
166,Summer Walker,Playing Games
167,J Balvin & Bad Bunny,LA CANCIÃN
168,PARTYNEXTDOOR,Loyal (feat. Drake)
169,Luke Combs,Even Though I'm Leaving
170,J. Cole,MIDDLE CHILD
171,Summer Walker & Drake,Girls Need Love (Remix)
172,Khalid,Better
173,Roddy Ricch,Elyse's Skit
174,A Boogie wit da Hoodie,Swervin (feat. 6ix9ine)
175,DaniLeigh,Easy (Remix) [feat. Chris Brown]
176,Arizona Zervas,FML
177,Selena Gomez,People You Know
178,YNW Melly,Murder on My Mind
179,Lil Nas X,Old Town Road (feat. Billy Ray Cyrus) [Remix]
180,Selena Gomez,A Sweeter Place (feat. Kid Cudi)
181,Quando Rondo,Poetic Justice
182,Bad Bunny & Tainy,Callaita
183,Rod Wave,Heart on Ice (Remix) [feat. Lil Durk]
184,Khalid,Talk
185,Lil Tecca,Ransom
186,Idina Menzel & AURORA,Into the Unknown
187,Billie Eilish & Khalid,lovely
188,Juice WRLD,Legends
189,Trippie Redd,Love Me More
190,Khalid,Up All Night
191,Luke Combs,Beautiful Crazy
192,Diplo,Wish (feat. Trippie Redd)
193,Noah Cyrus,July
194,SHAED & ZAYN,Trampoline
195,Fivio Foreign,Big Drip
196,Lil Tjay,Go In
197,"Internet money, Lil Tecca & A Boogie wit da Hoodie",Somebody
198,Megan Thee Stallion & Normani,Diamonds
199,Lil Baby,Close Friends
200,Ant Saunders,Yellow Hearts
201,Post Malone,I Fall Apart
202,Billie Eilish,ocean eyes
203,Morgan Wallen,This Bar
204,Daniel Caesar,Best Part (feat. H.E.R.)
205,Mustard,"Baguettes in the Face (feat. NAV, Playboi Carti & A Boogie wit da Hoodie)"
206,Summer Walker,Drunk Dialing...LODT
207,Quando Rondo,Real Love
208,Morgan Wallen,Whiskey Glasses
209,Rod Wave,Abandoned
210,Lil Uzi Vert,Sanguine Paradise
211,Post Malone,rockstar (feat. 21 Savage)
212,Quando Rondo,Marvelous (feat. Polo G)
213,Harry Styles,Lights Up
214,Drake,God's Plan
215,City Girls,Act Up
216,Lil Nas X & DaBaby,Panini (DaBaby Remix)
217,Shawn Mendes & Camila Cabello,SeÃ±orita
218,Selena Gomez,Cut You Off
219,Luke Combs,Better Together
220,Selena Gomez,Let Me Get Me
221,Conan Gray,Maniac
222,Noah Cyrus & Leon Bridges,July
223,Luke Combs,Beer Never Broke My Heart
224,Lewis Capaldi,Before You Go
225,Drake,Nonstop
226,Dan + Shay,Speechless
227,Roddy Ricch,Die Young
228,Sam Smith,How Do You Sleep?
229,Selena Gomez,Kinda Crazy
230,NLE Choppa,Famous Hoes
231,Post Malone,Hollywood's Bleeding
232,"Jhay Cortez, J Balvin & Bad Bunny",No Me Conoce (Remix)
233,Juice WRLD,Empty
234,Post Malone,Better Now
235,Post Malone,Die For Me (feat. Future & Halsey)
236,Summer Walker,Over It
237,Ariana Grande,7 rings
238,21 Savage,Immortal
239,Juice WRLD,Armed and Dangerous
240,XXXTENTACION,F**k Love (feat. Trippie Redd)
241,J Balvin,Morado
242,Megan Thee Stallion,Hot Girl Summer (feat. Nicki Minaj & Ty Dolla $ign)
243,Summer Walker,Tonight
244,YoungBoy Never Broke Again,Rich As Hell
245,Summer Walker & PARTYNEXTDOOR,Just Might
246,Drake,Behind Barz (Bonus)
247,Tory Lanez,The Take (feat. Chris Brown)
248,Lil Baby,Pure Cocaine
249,A Boogie wit da Hoodie,Look Back at It
250,Quando Rondo,Nothing Else Matters
251,"Tyler, The Creator",EARFQUAKE
252,Quando Rondo,Dripped out (feat. Luh Kel)
253,"Summer Walker, London On Da Track & Chris Brown",Something Real
254,Russ,NIGHTTIME (Interlude)
255,Lil Tjay,Hold On
256,24kGoldn,Valentino
257,YNW Melly,Mixed Personalities (feat. Kanye West)
258,Summer Walker,Potential
259,Marshmello & Kane Brown,One Thing Right
260,"Dreamville, J. Cole & Lute",Under the Sun (feat. DaBaby)
261,Travis Scott,goosebumps
262,DaBaby,POP STAR (feat. Kevin Gates)
263,Lizzo,Good as Hell (feat. Ariana Grande) [Remix]
264,Ingrid Andress,More Hearts Than Mine
265,"DÃ­melo Flow, ArcÃ¡ngel & Sech",Sigues Con Ãl
266,Morgan Wallen,Chasin' You
267,YoungBoy Never Broke Again,In Control
268,Lewis Capaldi,Bruises
269,DaBaby,OFF THE RIP
270,Selena Gomez,Fun
271,"Anuel AA, Daddy Yankee & KAROL G",China (feat. J Balvin & Ozuna)
272,Travis Scott,YOSEMITE
273,NLE Choppa,Cruze (feat. Meek Mill)
274,The Black Eyed Peas & J Balvin,RITMO (Bad Boys for Life)
275,21 Savage,a lot
276,Post Malone,On the Road (feat. Meek Mill & Lil Baby)
277,Kanye West,Follow God
278,A Boogie wit da Hoodie,Mood Swings
279,Roddy Ricch,Every Season
280,Summer Walker & 6LACK,Like It
281,Joji,SLOW DANCING IN THE DARK
282,Jonas Brothers,Only Human
283,J. Cole,No Role Modelz
284,Saweetie,My Type
285,"Tainy, Anuel AA & Ozuna",Adicto
286,DaBaby,Goin Baby
287,Kodak Black,ZEZE (feat. Travis Scott & Offset)
288,Billie Eilish,i love you
289,Quando Rondo,Double C's
290,Rod Wave,Dark Clouds
291,Chance the Rapper,Hot Shower (feat. MadeinTYO & DaBaby)
292,XXXTENTACION,Jocelyn Flores
293,Post Malone,Psycho (feat. Ty Dolla $ign)
294,YoungBoy Never Broke Again,Slime Mentality
295,Roddy Ricch,Down Below
296,Ariana Grande,"thank u, next"
297,Mac Miller,Self Care
298,Travis Scott,BUTTERFLY EFFECT
299,Only The Family & Lil Durk,Career Day (feat. Polo G)
300,Harry Styles,Cherry
301,XXXTENTACION,SAD!
302,Ellie Goulding & Juice WRLD,Hate Me
303,Drake,Nice For What
304,Post Malone,Saint-Tropez
305,Ed Sheeran,Beautiful People (feat. Khalid)
306,Quando Rondo,Safest (feat. Lil Durk)
307,Lil Tjay,One Take
308,Juice WRLD,Hear Me Calling
309,Gunna,Baby Birkin
310,Ed Sheeran,South of the Border (feat. Camila Cabello & Cardi B)
311,Rod Wave,Soldier Life
312,Billie Eilish,idontwannabeyouanymore
313,YoungBoy Never Broke Again,Slime Belief
314,Future & Juice WRLD,Fine China
315,Ed Sheeran & Justin Bieber,I Don't Care
316,Rod Wave,Titanic (feat. Kevin Gates)
317,Lil Baby & Future,Out the Mud
318,Summer Walker,Nobody Else
319,YoungBoy Never Broke Again,Rebel's Kick It
320,Khalid,Location
321,Bryson Tiller,Exchange
322,JACKBOYS,JACKBOYS
323,Harry Styles,Golden
324,Lennon Stella,Kissing Other People
325,Future,Last Name (feat. Lil Durk)
326,Calboy,Envy Me
327,Kehlani,Nights Like This (feat. Ty Dolla $ign)
328,Billie Eilish,bury a friend
329,Riley Green,I Wish Grandpas Never Died
330,A Boogie wit da Hoodie,Jungle
331,YoungBoy Never Broke Again,Carter Son
332,Hailee Steinfeld,Wrong Direction
333,Lizzo,Good as Hell
334,Frank Ocean,Chanel
335,Megan Thee Stallion & VickeeLo,Ride Or Die
336,Sam Hunt,Kinfolks
337,Drake,In My Feelings
338,Sam Hunt,Sinning with You
339,The Weeknd,Call Out My Name
340,XXXTENTACION,Moonlight
341,Gucci Mane,Big Boy Diamonds (feat. Kodak Black & London On Da Track)
342,Young Thug,Die Today
343,Ali Gatie,It's You
344,DaBaby & Nicki Minaj,iPHONE
345,Trippie Redd,1400 / 999 Freestyle (feat. Juice WRLD)
346,J.I the Prince of N.Y,Need Me
347,Lil Tjay,Leaked
348,"Cardi B, Bad Bunny & J Balvin",I Like It
349,G Herbo,Sessions
350,Taylor Swift,Lover
351,Rod Wave,Counted Steps
352,Lil Durk,Bora Bora
353,Summer Walker,Anna Mae
354,Sam Smith & Normani,Dancing with a Stranger
355,JhenÃ© Aiko,Triggered (freestyle)
356,Trippie Redd,Mac 10 (feat. Lil Baby & Lil Duke)
357,Khalid,Young Dumb & Broke
358,YoungBoy Never Broke Again,Time I'm On
359,Cardi B,Money
360,Lil Nas X,Panini
361,Bryson Tiller,Don't
362,NF,Time (Edit)
363,J. Cole,Work Out
364,Summer Walker,Me
365,Dan + Shay,Tequila
366,Tame Impala,The Less I Know the Better
367,Lady Gaga & Bradley Cooper,Shallow
368,Summer Walker,Fun Girl
369,Trippie Redd,Love Sick
370,YoungBoy Never Broke Again,Where the Love At
371,Idina Menzel & Evan Rachel Wood,Show Yourself
372,J. Cole,Wet Dreamz
373,Tyga,Ayy Macarena
374,YoungBoy Never Broke Again,Bring 'Em Out
375,Roy Woods,Drama (feat. Drake)
376,Nipsey Hussle,Racks in the Middle (feat. Roddy Ricch and Hit-Boy)
377,Carly Pearce & Lee Brice,I Hope Youâre Happy Now
378,Marshmello & Bastille,Happier
379,Tame Impala,Lost In Yesterday
380,Travis Scott,CAN'T SAY
381,Daniel Caesar,Get You (feat. Kali Uchis)
382,YoungBoy Never Broke Again,Gang S**t
383,Lil Uzi Vert,20 Min
384,Kodak Black,Calling My Spirit
385,"Sech, Ozuna & Anuel AA",Otro Trago (feat. Darell & Nicky Jam) [feat. Darell & Nicky Jam]
386,Lil Tjay,Brothers
387,Polo G,Heartless (feat. Mustard)
388,Maren Morris,The Bones
389,DaBaby,RAW S**T (feat. Migos)
390,Doja Cat,Juicy
391,Rod Wave,Chip on My Shoulder
392,YoungBoy Never Broke Again,Head Blown
393,Harry Styles,"Sunflower, Vol. 6"
394,Offset,Clout (feat. Cardi B)
395,Mac Miller,Weekend (feat. Miguel)
396,YoungBoy Never Broke Again,Seeming Like It
397,Taylor Swift,The Man
398,"Layton Greene, Lil Baby & City Girls",Leave Em Alone (feat. PnB Rock)
399,Dustin Lynch,Ridin' Roads
400,Jason Aldean,You Make It Easy
401,Billie Eilish,all the good girls go to hell
402,Billie Eilish,you should see me in a crown
403,John K,If We Never Met
404,Bebe Rexha & Florida Georgia Line,Meant to Be
405,Lil Baby,Freestyle
406,Playboi Carti,Shoota (feat. Lil Uzi Vert)
407,XXXTENTACION,bad vibes forever (feat. PnB Rock & Trippie Redd)
408,YFN Lucci,7.62
409,Blake Shelton,God's Country
410,Summer Walker,Off of You
411,Key Glock,Look At They Face
412,Kane Brown,Heaven
413,Quando Rondo,Expensive Edibles
414,Chris Stapleton,Tennessee Whiskey
415,Megan Thee Stallion,Big Ole Freak
416,Harry Styles,She
417,YoungBoy Never Broke Again,Dirty Iyanna
418,DaBaby,REALLY (feat. Stunna 4 Vegas)
419,Lauren Daigle,You Say
420,Olivia Rodrigo & Julia Lester,Wondering
421,NLE Choppa,Shotta Flow (feat. Blueface) [Remix]
422,"Nio GarcÃ­a, Casper MÃ¡gico & Bad Bunny","Te BotÃ© (feat. Darell, Ozuna & Nicky Jam) [Remix]"
423,Drake,Marvins Room
424,Kina,Get You the Moon (feat. SnÃ¸w)
425,SZA,Love Galore (feat. Travis Scott)
426,Ed Sheeran,Perfect
427,benny blanco & Juice WRLD,Graduation
428,Niall Horan,Nice to Meet Ya
429,Offset & Metro Boomin,Ric Flair Drip
430,Lil Uzi Vert,XO TOUR Llif3
431,Post Malone,Congratulations (feat. Quavo)
432,Shordie Shordie,Bitchuary
433,Jonas Brothers,Sucker
434,ArcÃ¡ngel & Bad Bunny,Infeliz
435,Quando Rondo,Letter to My Daughter
436,Lil Skies,I
437,Young Thug,Just How It Is
438,Russ,Losin Control
439,Quando Rondo,Collect Calls
440,Luke Combs,She Got the Best of Me
441,YK Osiris,Worth It
442,Fabolous,Cap (feat. Lil Durk)
443,DaBaby,XXL
444,Regard,Ride It
445,DaBaby,"GOSPEL (feat. Chance the Rapper, Gucci Mane & YK Osiris)"
446,Lil Uzi Vert,Money Longer
447,K CAMP,Lottery
448,Billie Eilish,wish you were gay
449,Harry Styles,To Be So Lonely
450,Travis Scott,STARGAZING
451,Pop Smoke,Welcome to the Party
452,DaBaby,PROLLY HEARD
453,XXXTENTACION,changes
454,Post Malone,A Thousand Bad Times
455,Trippie Redd,Topanga
456,Lil Uzi Vert,The Way Life Goes (feat. Oh Wonder)
457,Ski Mask the Slump God,Faucet Failure
458,Ariana Grande,"break up with your girlfriend, i'm bored"
459,Nicky Jam & Daddy Yankee,MuÃ©velo
460,21 Savage & Metro Boomin,X (feat. Future)
461,The Weeknd,The Hills
462,YoungBoy Never Broke Again,Outside Today
463,Gucci Mane,She Miss Me (feat. Rich The Kid)
464,Travis Scott,NO BYSTANDERS
465,YoungBoy Never Broke Again,I Am Who They Say I Am (feat. Kevin Gates and Quando Rondo)
466,"R3HAB, ZAYN & Jungleboi",Flames
467,Trippie Redd,The Grinch
468,"Lunay, Daddy Yankee & Bad Bunny",Soltera (Remix)
469,Kamaiyah,F**k It up (feat. Yg)
470,Kehlani,You Know Wassup
471,Dean Lewis,Be Alright
472,Y2K & bbno$,Lalala
473,Tyga,Taste (feat. Offset)
474,"Lil Baby, Gunna & Drake",Never Recover
475,Jon Pardi,Heartache Medication
476,Post Malone,I'm Gonna Be
477,Taylor Swift,You Need To Calm Down
478,YNW Melly,Freddy Krueger (feat. Tee Grizzley)
479,XXXTENTACION,Hope
480,El Alfa & Lil Pump,Coronao Now
481,Panic! At the Disco,High Hopes
482,YoungBoy Never Broke Again,Valuable Pain
483,Dominic Fike,3 Nights
484,Lil Donald,Do Better
485,A Boogie wit da Hoodie,Still Think About You
486,Bad Bunny,MIA (feat. Drake)
487,Childish Gambino,Redbone
488,Sleepy Hallow,Breakin Bad (Okay) [feat. Sheff G]
489,Juice WRLD,Fast
490,Alec Benjamin,Mind Is a Prison
491,Doja Cat,Cyber Sex
492,Quando Rondo,101
493,Lil Baby,Life Goes On (feat. Gunna & Lil Uzi Vert)
494,Polo G,Through da Storm
495,Kodak Black,Roll in Peace (feat. XXXTENTACION)
496,XXXTENTACION,Everybody Dies in Their Nightmares
497,Mac Miller,Hurt Feelings
498,Stunna 4 Vegas,Ashley (feat. DaBaby)
499,Meek Mill,Dreams and Nightmares
500,A Boogie wit da Hoodie,Drowning (feat. Kodak Black)
501,Migos,Bad and Boujee (feat. Lil Uzi Vert)
502,Rod Wave,Extra
503,YoungBoy Never Broke Again,I Don't Know
504,Travis Scott,WAKE UP
505,Olivia Rodrigo & Joshua Bassett,Just for a Moment
506,SZA,The Weekend
507,Jason Aldean,Got What I Got
508,NLE Choppa,"Camelot (Remix) [feat. Yo Gotti, BlocBoy JB & Moneybagg Yo]"
509,Lady Antebellum,What If I Never Get Over You
510,"Lunay, Ozuna & Anuel AA",Aventura
511,Quando Rondo,Legitimate Drugz
512,Mac Miller,Come Back to Earth
513,Jimmie Allen,Make Me Want To
514,Alicia Keys,Show Me Love (feat. Miguel)
515,Blanco Brown,The Git Up
516,6LACK,Pretty Little Fears (feat. J. Cole)
517,Frank Ocean,Nights
518,YoungBoy Never Broke Again,Free Time
519,NLE Choppa,Shotta Flow
520,Ella Mai,Trip
521,Ed Sheeran,Shape of You
522,Stunna 4 Vegas & Offset,Up the Smoke
523,Mahalia,What You Did (feat. Ella Mai)
524,Dan + Shay,All To Myself
525,Lil Tecca,Why U Look Mad
526,YG,"BIG BANK (feat. 2 Chainz, Big Sean & Nicki Minaj)"
527,YoungBoy Never Broke Again,Cross Me (feat. Lil Baby and Plies)
528,Sheck Wes,Mo Bamba
529,Jessie Reyez & 6LACK,Imported
530,John Legend,Conversations in the Dark
531,Natanael Cano,Disfruto Lo Malo
532,James Arthur,Say You Won't Let Go
533,Gucci Mane,Big Booty (feat. Megan Thee Stallion)
534,Cardi B,Bodak Yellow
535,Juice WRLD,Hide (feat. Seezyn)
536,YG,Go Loko (feat. Tyga & Jon Z)
537,Billie Eilish,xanny
538,Post Malone,White Iverson
539,Drake,Mob Ties
540,Kodak Black,No Flockin
541,Morgan Wallen,Cover Me Up
542,Marca MP,El GÃ¼ero (En vivo)
543,Tory Lanez,Forever
544,Smoove L,Apollo
545,Trippie Redd,Taking a Walk
546,"Gucci Mane, Bruno Mars & Kodak Black",Wake Up in the Sky
547,Juice WRLD,Feeling
548,Pop Smoke,War (feat. Lil Tjay)
549,Luke Combs,Hurricane
550,Kendrick Lamar,LOVE. (FEAT. ZACARI.)
551,Polo G,Finer Things
552,Quando Rondo,Just Keep Going
553,Flo Milli,In the Party
554,"Kristen Bell, Idina Menzel, Josh Gad, Jonathan Groff & Cast of Frozen 2",Some Things Never Change
555,Juice WRLD,Maze
556,Quando Rondo,Love Or Lust
557,The Chainsmokers,Push My Luck
558,The Chainsmokers,Closer (feat. Halsey)
559,YNW Melly,No Heart
560,Miguel,Sky Walker (feat. Travis Scott)
561,YoungBoy Never Broke Again,No Smoke
562,Kevin Gates,Bags
563,Rod Wave,Popular Loner
564,YoungBoy Never Broke Again,Outta Here Safe (feat. Quando Rondo and NoCap)
565,Trippie Redd,This Ain't That (feat. Lil Mosey)
566,6ix9ine,"FEFE (feat. Nicki Minaj, Murda Beatz)"
567,Quando Rondo,Codeine Tales
568,Harry Styles,Fine Line
569,NAV,Tap (feat. Meek Mill)
570,Flipp Dinero,Leave Me Alone
571,Mario,Let Me Love You
572,Tee Grizzley,First Day Out
573,Maroon 5,Girls Like You (feat. Cardi B)
574,The Lumineers,Ophelia
575,Metro Boomin,Space Cadet (feat. Gunna)
576,Post Malone,Allergic
577,Halsey,Finally // beautiful stranger
578,Carnage,"Hella Neck (feat. Tyga, Shoreline Mafia & Takeoff)"
579,Travis Scott & Young Thug,pick up the phone
580,YNW Melly,Bang Bang
581,Jonathan Groff,Lost in the Woods
582,Tory Lanez,Beauty in the Benz (feat. Snoop Dogg)
583,J Balvin & Bad Bunny,QUÃ PRETENDES
584,Adele,Someone Like You
585,Post Malone,Staring at the Sun (feat. SZA)
586,"Khalid, 6LACK & Ty Dolla $ign",OTW
587,Lee Brice,Rumor
588,Quando Rondo,Perfect Timing
589,Lil Tjay,Ruthless (feat. Jay Critch)
590,Young M.A,BIG
591,HARDY,One Beer (feat. Lauren Alaina & Devin Dawson)
592,Frank Ocean,Thinkin Bout You
593,Ed Sheeran,Thinking Out Loud
594,Chris Lane,"Big, Big Plans"
595,A Boogie wit da Hoodie,My Sh*t
596,Lil Skies,Red Roses (feat. Landon Cube)
597,Metro Boomin,10 Freaky Girls (feat. 21 Savage)
598,G-Eazy,No Limit (feat. A$AP Rocky & Cardi B)
599,Gunna,Oh Okay (feat. Young Thug & Lil Baby)
600,J. Cole,Power Trip (feat. Miguel)
601,Josh Gad,When I Am Older
602,Luke Combs,When It Rains It Pours
603,Bad Bunny,La Romana (feat. El Alfa)
604,Khalid,8TEEN
605,Kelsea Ballerini,homecoming queen?
606,Juice WRLD,Flaws and Sins
607,Imagine Dragons,Thunder
608,Bankrol Hayden,Costa Rica
609,Natanael Cano,Amor Tumbado
610,Roddy Ricch,Ricch Forever
611,Lil Baby,Catch the Sun
612,PARTYNEXTDOOR,Come and See Me (feat. Drake)
613,Frank Ocean,Ivy
614,Billie Eilish,listen before i go
615,"Tyler, The Creator",See You Again (feat. Kali Uchis)
616,Tory Lanez,Yessirr
617,Kevin Gates,By My Lonely
618,Bazzi,Mine
619,Polo G,Dyin Breed
620,Shoreline Mafia,"Bands (feat. Ohgeesy, Fenix Flexin & Master Kato)"
621,DaBaby,THERE HE GO
622,Billie Eilish,my strange addiction
623,Lil Uzi Vert,You Was Right
624,Kodak Black,Tunnel Vision
625,Mac Miller,2009
626,Kesha,Raising Hell (feat. Big Freedia)
627,Harry Styles,Canyon Moon
628,Meek Mill,24/7 (feat. Ella Mai)
629,Trippie Redd,Real Feel
630,Boosie Badazz,Nasty Nasty
631,Lil Wayne,Mona Lisa (feat. Kendrick Lamar)
632,Ava Max,Sweet but Psycho
633,Nipsey Hussle,Double Up (feat. Belly & DOM KENNEDY) [Bonus Track]
634,"Kendrick Lamar, SZA",All The Stars
635,Lil Mosey,Never Scared (feat. Trippie Redd)
636,Imagine Dragons,Believer
637,Evan Rachel Wood,All Is Found
638,Tory Lanez,Still Waiting (feat. Trey Songz)
639,K CAMP,Ice Cold
640,The Weeknd,Acquainted
641,Chris Lane,I Don't Know About You
642,Khalid & Normani,Love Lies
643,Travis Scott,beibs in the trap
644,J.I the Prince of N.Y,Love Scars
645,Lil Wayne,Mrs. Officer (feat. Bobby V & Kidd Kidd)
646,21 Savage,Bank Account
647,Zedd & Kehlani,Good Thing
648,Kevin Gates,Facts
649,Bryson Tiller,Blame
650,Post Malone,Ball For Me (feat. Nicki Minaj)
651,Blake Shelton,Nobody But You (feat. Gwen Stefani)
652,Drake,I'm Upset
653,Rod Wave,Misunderstood
654,XXXTENTACION,Ex Bitch
655,Jeremy Zucker & Chelsea Cutler,you were good to me
656,Anuel AA & KAROL G,Secreto
657,J. Cole,Kevin's Heart
658,22Gz,"Suburban, Pt. 2"
659,Marshmello & Roddy Ricch,Project Dreams
660,Sheff G,We Getting Money
661,JhenÃ© Aiko,Sativa (feat. Swae Lee)
662,Fabolous,Time (feat. Roddy Ricch)
663,French Montana,Unforgettable (feat. Swae Lee)
664,Doja Cat,Candy
665,Lil Baby,Time (feat. Meek Mill)
666,Drake,How Bout Now
667,Jacquees,Risk It All (feat. Tory Lanez)
668,Drake & Future,Jumpman
669,Fabolous,Talk to Me Nicely (feat. Meek Mill)
670,Kevin Gates,Fatal Attraction
671,Kevin Gates,Walls Talking
672,Cardi B & Bruno Mars,Please Me
673,GoldLink,Crew (feat. Brent Faiyaz & Shy Glizzy)
674,Duke Deuce,Crunk Ain't Dead
675,Thomas Rhett,Remember You Young
676,Young Thug,Relationship (feat. Future)
677,Luh Kel,Wrong
678,NoCap,Ghetto Angels
679,Rich The Kid,That's Tuff (feat. Quavo)
680,Wale,Love... (Her Fault) [feat. Bryson Tiller]
681,Billie Eilish,bellyache
682,Ari Lennox,BMO
683,Cardi B,Be Careful
684,DJ Khaled,Wish Wish (feat. Cardi B & 21 Savage)
685,Ed Sheeran,The A Team
686,Miguel,Adorn
687,BENEE,Glitter
688,Bazzi,I.F.L.Y.
689,G Herbo,That Boy
690,Gunna,Sold Out Dates (feat. Lil Baby)
691,Panic! At the Disco,Into the Unknown (Panic! At The Disco Version)
692,Jacquees,Your Peace (feat. Lil Baby)
693,Ski Mask the Slump God,Nuketown (feat. Juice WRLD)
694,benny blanco & Juice WRLD,Roses (feat. Brendon Urie)
695,Usher,Don't Waste My Time (feat. Ella Mai)
696,Luke Bryan,Knockin' Boots
697,DaBaby,21
698,Ariana Grande & Social House,Boyfriend
699,Lil Wayne,Uproar (feat. Swizz Beatz)
700,H.E.R.,Could've Been (feat. Bryson Tiller)
701,Usher & Alicia Keys,My Boo
702,Lil Uzi Vert,Erase Your Social
703,Brett Young,Catch
704,Khalid,Coaster
705,Camila Cabello,Havana (feat. Young Thug)
706,The Weeknd,Starboy (feat. Daft Punk)
707,Russ,Missin You Crazy
708,Lizzo,Juice
709,SZA,Broken Clocks
710,Summer Walker,Girls Need Love
711,21 Savage,can't leave without it
712,Tory Lanez,A Fools Tale (Running Back) [feat. Ashanti]
713,Lil Baby,Ready (feat. Gunna)
714,Lil Yachty,Yacht Club (feat. Juice WRLD)
715,Young Thug,What's the Move (feat. Lil Uzi Vert)
716,Tyler Childers,Feathered Indians
717,Drake,Passionfruit
718,Travis Scott,Antidote
719,YBN Cordae,RNP (feat. Anderson .Paak)
720,Kendrick Lamar,HUMBLE.
721,PnB Rock,Selfish
722,XXXTENTACION,the remedy for a broken heart (why am I so in love)
723,Alicia Keys,If I Ain't Got You
724,Ambjaay,Uno
725,Drake,Trust Issues
726,Playboi Carti,Wokeuplikethis* (feat. Lil Uzi Vert)
727,Vance Joy,Riptide
728,Thomas Rhett,Look What God Gave Her
729,Yella Beezy,Restroom Occupied (feat. Chris Brown)
730,Ariana Grande,God is a woman
731,Post Malone,Stay
732,Bruno Mars,When I Was Your Man
733,"Myke Towers, Maluma & Farruko",La Playa (Remix)
734,Pardison Fontaine,Backin' It Up (feat. Cardi B)
735,Marshmello,Silence (feat. Khalid)
736,A Boogie wit da Hoodie,Demons and Angels (feat. Juice WRLD)
737,Lord Huron,The Night We Met
738,Chance the Rapper,No Problem (feat. Lil Wayne & 2 Chainz)
739,Post Malone,I Know
740,Bad Bunny,NI BIEN NI MAL
741,Rod Wave,Paint the Sky Red
742,Juice WRLD,Make Believe
743,Lil Tjay,Laneswitch
744,J. Cole,KOD
745,Gucci Mane,I Get the Bag (feat. Migos)
746,Chance the Rapper,Handsome (feat. Megan Thee Stallion)
747,Young M.A,NNAN (feat. Relle Bey & Max YB)
748,Natanael Cano,Ella (feat. Junior H)
749,Bruno Mars,Thatâs What I Like
750,Post Malone,Myself
751,Ty Dolla $ign,"Or Nah (feat. The Weeknd, Wiz Khalifa and DJ Mustard) [Remix]"
752,Usher,Yeah! (feat. Lil Jon & Ludacris)
753,Luke Combs & Brooks & Dunn,"1, 2 Many"
754,Lil Uzi Vert,That's a Rack
755,Quin NFN,Poles (feat. NLE Choppa)
756,Fabolous,Cold Summer
757,YoungBoy Never Broke Again,No Love
758,"benny blanco, Halsey & Khalid",Eastside
759,5 Seconds of Summer,Youngblood
760,H.E.R.,Focus
761,Billie Eilish,hostage
762,Cardi B,Ring (feat. Kehlani)
763,Calvin Harris,Slide (feat. Frank Ocean & Migos)
764,NLE Choppa,Capo
765,Drake,Best I Ever Had
766,"Ozuna, Mambo Kingz & DJ Luian","Solita (feat. Bad Bunny, Wisin & Almighty)"
767,Morgan Wallen,Up Down (feat. Florida Georgia Line)
768,Lil Skies,Lust
769,XXXTENTACION,Off the Wall! (feat. Ski Mask the Slump God)
770,Leeland,Way Maker (Live)
771,YoungBoy Never Broke Again,TTG (feat. Kevin Gates)
772,DJ Khaled,Wild Thoughts (feat. Rihanna & Bryson Tiller)
773,BlocBoy JB,Look Alive (feat. Drake)
774,ROSALÃA & Ozuna,"Yo x Ti, Tu x Mi"
775,John Legend,All of Me
776,NLE Choppa,Matrix
777,Kane Brown,What Ifs (feat. Lauren Alaina)
778,Ella Mai,Shot Clock
779,Tee Grizzley,From the D to the A (feat. Lil Yachty)
780,Trippie Redd,Love Scars
781,Drake,The Motto (feat. Lil Wayne) [Bonus Track]
782,YNW Melly,City Girls
783,Frank Ocean,Pink + White
784,Drake,From Time (feat. Jhene Aiko)
785,Drake,Jaded
786,Tory Lanez,The Trade (feat. Jagged Edge & Jermaine Dupri)
787,Bryant Myers & Anuel AA,Gan-Ga (Remix)
788,"Marshmello, YUNGBLUD & blackbear",Tongue Tied
789,Luis Fonsi & Daddy Yankee,Despacito (feat. Justin Bieber) [Remix]
790,YoungBoy Never Broke Again,Untouchable
791,Quando Rondo,Abg
792,NLE Choppa,Shotta Flow 3
793,YNW Melly,Adam Sandler
794,Cody Johnson,Nothin' on You
795,Foster the People,Pumped Up Kicks
796,Hozier,Take Me to Church
797,DaBaby,Next Song
798,Lil Peep,Star Shopping
799,A Boogie wit da Hoodie,Startender (feat. Offset and Tyga)
800,Pardison Fontaine,Take It Down (feat. Offset)
801,YoungBoy Never Broke Again,Through the Storm
802,JhenÃ© Aiko,Triggered (Remix) [feat. 21 Savage & Summer Walker]
803,City Girls,Twerk (feat. Cardi B)
804,Shoreline Mafia,Nun Major
805,Lewis Capaldi,Hold Me While You Wait
806,Kevin Gates,Me Too
807,Lil Tjay,Decline (feat. Lil Baby)
808,Post Malone,Go Flex
809,"Tisakorean, Huncho Da Rockstar & Kblast",The Mop
810,Kanye West,Closed on Sunday
811,Tee Grizzley,Young Grizzley World (feat. A Boogie Wit Da Hoodie & YNW Melly)
812,Trippie Redd,BANG!
813,Rihanna,Needed Me
814,Sam Smith,Too Good at Goodbyes
815,Moneybagg Yo,Dior (feat. Gunna)
816,A$AP Rocky,Praise the Lord (Da Shine) [feat. Skepta]
817,PARTYNEXTDOOR,The News
818,"Migos, Nicki Minaj & Cardi B",MotorSport
819,Frank Ocean,In My Room
820,Trippie Redd,U Deserve It (feat. Chris King & QUANTA)
821,NLE Choppa,N.W.A.
822,Trippie Redd,All for Me (feat. Smokepurpp)
823,XXXTENTACION,Look At Me!
824,Kygo & Whitney Houston,Higher Love
825,Carrie Underwood,Drinking Alone
826,Lauren Daigle,Rescue
827,Hitmaka,"Thot Box (Remix) [feat. Young MA, Dreezy, Mulatto, DreamDoll, Chinese Kitty]"
828,A Boogie wit da Hoodie,Just Like Me (feat. Young Thug)
829,Trippie Redd,Leray
830,Post Malone,Rich & Sad
831,Lil Uzi Vert,New Patek
832,BeyoncÃ©,Irreplaceable
833,Billie Eilish,bitches broken hearts
834,Bazzi,Paradise
835,Godfather of Harlem,On the Inside (feat. 21 Savage)
836,Eminem,Lucky You (feat. Joyner Lucas)
837,Outkast,Ms. Jackson
838,Drake,Teenage Fever
839,King Von,Crazy Story
840,Young Thug,Surf (feat. Gunna)
841,YNW Melly,772 Love
842,Rihanna,Love on the Brain
843,Kina,Can We Kiss Forever? (feat. Adriana Proenza)
844,Doja Cat,Like That (feat. Gucci Mane)
845,WILLOW,Wait a Minute!
846,Ella Mai,Naked (Bonus Track)
847,Post Malone,Candy Paint
848,Luke Combs,One Number Away
849,Florida Georgia Line,Blessings
850,2 Chainz,"It's a Vibe (feat. Ty Dolla $ign, Trey Songz & JhenÃ© Aiko)"
851,Travis Scott,ASTROTHUNDER
852,Cardi B,Bartier Cardi (feat. 21 Savage)
853,Summer Walker,Session 32
854,BeyoncÃ©,Halo
855,Pink Sweat$,Honesty
856,TOKYOâS REVENGE & ZEDSU,THOT!
857,Luke Bryan,What She Wants Tonight
858,The Weeknd,Die For You
859,Jacquees,Verify (feat. Young Thug & Gunna)
860,Brett Young,In Case You Didn't Know
861,Illenium & Jon Bellion,Good Things Fall Apart
862,Mitchell Tenpenny,Anything She Says (feat. Seaforth)
863,AC/DC,Back In Black
864,YoungBoy Never Broke Again,Genie
865,The Neighbourhood,Sweater Weather
866,Jhay Cortez & Ozuna,Easy (Remix)
867,Teyana Taylor,How You Want It? (feat. King Combs)
868,Teyana Taylor & Kehlani,Morning
869,Chief Keef,Love Sosa
870,Luke Combs,Refrigerator Door
871,J.I the Prince of N.Y,Love Wonât Change
872,Gunna,Who You Foolin
873,Ari Lennox & J. Cole,Shea Butter Baby
874,Kevin Gates,Icebox
875,DJ Khaled,"You Stay (feat. Meek Mill, J Balvin, Lil Baby & Jeremih)"
876,Lauv,I Like Me Better
877,Lil Skies,Nowadays (feat. Landon Cube)
878,Lil Tjay,Sex Sounds
879,Blueface,Thotiana
880,Post Malone,Internet
881,Rauw Alejandro & Farruko,FantasÃ­as
882,Trippie Redd,Love Scars 3
883,G Herbo,I Want It
884,Tory Lanez,Thoughts (feat. Lloyd & Lil Wayne)
885,Alessia Cara,Out of Love
886,Tory Lanez,Broken Promises
887,Rod Wave,How Would You Feel
888,Panic! At the Disco,"Hey Look Ma, I Made It"
889,"Dreamville, Ari Lennox & Omen",Got Me (feat. Ty Dolla $ign & Dreezy)
890,Kanye West,Stronger
891,Lady Gaga,Always Remember Us This Way
892,JhenÃ© Aiko,The Worst
893,Eagles,Hotel California
894,NLE Choppa,Step
895,Kenny Chesney,Tip of My Tongue
896,YoungBoy Never Broke Again,I Came Thru
897,YNW Melly,Mama Cry
898,Lil Durk,Prada You
899,Halsey,clementine
900,21 Savage & Metro Boomin,No Heart
901,Passenger,Let Her Go
902,Logic,Homicide (feat. Eminem)
903,Taylor Swift,ME! (feat. Brendon Urie of Panic! At the Disco)
904,Normani,Motivation
905,Shawn Mendes,If I Can't Have You
906,DJ Khaled,"I'm the One (feat. Justin Bieber, Quavo, Chance the Rapper & Lil Wayne)"
907,Shaggy,It Wasn't Me (feat. Ricardo Ducent)
908,Billie Eilish,my boy
909,Adele,Rolling in the Deep
910,Queen Naija,Medicine
911,Trippie Redd,Sickening (feat. Tory Lanez)
912,Bruno Mars,24K Magic
913,Miguel,Sure Thing
914,Harry Styles,Treat People With Kindness
915,JayDaYoungan,Elimination
916,Future,Where Ya At (feat. Drake)
917,5 Seconds of Summer,Teeth
918,Tory Lanez,Luv Ya Gyal // Love Sounds (feat. The-Dream)
919,Marshmello & Kane Brown,One Thing Right (Late Night Remix)
920,Billie Eilish,8
921,Bankrol Hayden,Brothers (feat. Luh Kel)
922,Harry Styles,Sign of the Times
923,Waka Flocka Flame,No Hands (feat. Roscoe Dash & Wale)
924,JhenÃ© Aiko,While We're Young
925,Tory Lanez,The Cry (feat. Mario)
926,Russ,Ain't Nobody Takin My Baby
927,Chris Young,Drowning
928,Queen Naija,Butterflies
929,Lil Durk,Home Body (feat. Gunna & TK Kravitz)
930,Drake,The Motion
931,Florida Georgia Line,Talk You Out of It
932,Jonathan Groff,Reindeer(s) Are Better Than People (Cont.)
933,A$AP Rocky,L$D
934,Yo Gotti,Put a Date on It (feat. Lil Baby)
935,The Chainsmokers & Coldplay,Something Just Like This
936,Billie Eilish,ilomilo
937,"DJ Luian, Mambo Kingz & Anuel AA","Verte Ir (feat. Nicky Jam, Darell & Brytiago)"
938,Playboi Carti,Magnolia
939,Mac Miller,Ladders
940,ROSALÃA & J Balvin,Con Altura (feat. El Guincho)
941,Drake,Headlines
942,"Dreamville, Bas & JID","Costa Rica (feat. Guapdad 4000, Reese LAFLARE, Jace, Mez, Smokepurpp, Buddy & Ski Mask the Slump God)"
943,Lil Dicky,Freaky Friday (feat. Chris Brown)
944,"Quality Control, Offset & DaBaby",Pink Toes (feat. Gunna)
945,Kanye West,All Mine
946,Childish Gambino,3005
947,Kanye West,All of the Lights
948,A Boogie wit da Hoodie,Love Drugs and Sex
949,Taylor Swift,Lover (Remix) [feat. Shawn Mendes]
950,Russ,What They Want
951,Luke Combs,All Over Again
952,Snoop Dogg & Wiz Khalifa,"Young, Wild & Free (feat. Bruno Mars)"
953,Estelle,American Boy (feat. Kanye West)
954,NF,If You Want Love
955,Drake,After Dark (feat. Static Major & Ty Dolla $ign)
956,Sech & Ozuna,Si Te Vas
957,Only The Family & Lil Durk,Fake Love (feat. Lil Tjay)
958,Ozzy Osbourne,Ordinary Man (feat. Elton John)
959,Daddy Yankee,Con Calma (feat. Snow)
960,YNW Melly,Two Face
961,Migos,Walk It Talk It (feat. Drake)
962,Ron Suno,Pinocchio
963,Migos,Slippery (feat. Gucci Mane)
964,Snoh Aalegra,I Want You Around
965,Drake,Controlla
966,Ariana Grande,needy
967,Kevin Gates,Face Down
968,Trippie Redd,Abandoned (feat. Mariah the Scientist)
969,Lil Durk,Weirdo Hoes
970,Mariah Carey,We Belong Together
971,Juice WRLD,Ring Ring (feat. Clever)
972,A$AP Rocky,"F**kin' Problems (feat. Drake, 2 Chainz & Kendrick Lamar)"
973,Sech,Otro Trago (feat. Darell)
974,Frank Ocean,Self Control
975,PARTYNEXTDOOR,Break From Toronto
976,Lonr.,A.M.
977,Juice WRLD,Who Shot Cupid?
978,Playboi Carti,Long Time (Intro)
979,TLC,No Scrubs
980,Quando Rondo,Imperfect Flower
981,Rex Orange County,Loving Is Easy (feat. Benny Sings)
982,Snoh Aalegra,Whoa
983,Jeremih,Oui
984,Nipsey Hussle,Hussle & Motivate
985,Brett Young,Mercy
986,Mac Miller,What's the Use?
987,Travis Scott,HOUSTONFORNICATION
988,"Calvin Harris, Dua Lipa",One Kiss
989,"Meduza, Becky Hill & Goodboys",Lose Control
990,Luke Combs,What You See Is What You Get
991,Ski Mask the Slump God,Foot Fungus
992,Billie Eilish,COPYCAT
993,Lil Peep,Save That S**t
994,Lil Skies,Magic
995,Sean Kingston,Beautiful Girls
996,YoungBoy Never Broke Again,Solar Eclipse
997,Lil Uzi Vert,Ps & Qs
998,Saweetie,My Type (feat. City Girls & JhenÃ© Aiko) [Remix]
999,Surfaces,Sunday Best
1000,Jacquees,You
1001,Luke Combs,Moon Over Mexico
1002,"Ozuna, Daddy Yankee & J Balvin","Baila Baila Baila (feat. Daddy Yankee, J Balvin, Farruko & Anuel AA) [Remix]"
1003,Drake,"Hold On, We're Going Home (feat. Majid Jordan)"
1004,Meek Mill,Uptown Vibes (feat. Fabolous & Anuel AA)
1005,Nipsey Hussle,Victory Lap (feat. Stacy Barthe)
1006,Khalid,Saved
1007,Bryce Vine,La La Land (feat. YG)
1008,Fetty Wap,679 (feat. Monty)
1009,Drake & Michael Jackson,Don't Matter To Me
1010,DRAM,Broccoli (feat. Lil Yachty)
1011,YoungBoy Never Broke Again,No Mentions
1012,Luh Kel,Pull Up
1013,Rex Orange County,Best Friend
1014,Young M.A,Ooouuu
1015,Lil Tjay,Post To Be (feat. Rileyy Lanez)
1016,Cardi B,Press
1017,Post Malone,Spoil My Night (feat. Swae Lee)
1018,Trippie Redd,The Jungle Book (feat. Lil Wop)
1019,Travis Scott,90210 (feat. Kacy Hill)
1020,Haiti Babii,Change Ya Life
1021,Luke Combs,Lovin' on You
1022,Kanye West,On God
1023,Mark Morrison,Return of the Mack
1024,iann dior,gone girl (feat. Trippie Redd)
1025,Polo G,Effortless
1026,Trippie Redd,Til The End of Time
1027,NF,Let You Down
1028,Tenille Arts,Somebody Like That
1029,6LACK,PRBLMS
1030,The Weeknd,I Feel It Coming (feat. Daft Punk)
1031,Anuel AA & Romeo Santos,Ella Quiere Beber (Remix)
1032,El Alfa,Mera Woo
1033,Lil Uzi Vert,Do What I Want
1034,Machine Gun Kelly,Candy (feat. Trippie Redd)
1035,Imagine Dragons,Whatever It Takes
1036,J.I the Prince of N.Y,Blame on Me
1037,Panic! At the Disco,I Write Sins Not Tragedies
1038,Cardi B,Thru Your Phone
1039,J. Cole,G.O.M.D.
1040,Metallica,Enter Sandman
1041,Ariana Grande,imagine
1042,Travis Scott,5% TINT
1043,Blueface,Daddy (feat. Rich The Kid)
1044,Fabolous,Gone for the Summer (feat. A Boogie wit da Hoodie)
1045,JayDaYoungan,Thot Thot
1046,Drake,All Me (feat. 2 Chainz & Big Sean)
1047,Doe Boy,Walk Down (feat. YG)
1048,LINKIN PARK,In the End
1049,J Balvin,Blanco
1050,Rihanna,Work (feat. Drake)
1051,Calum Scott,You Are the Reason
1052,Kristen Bell,The Next Right Thing
1053,Dreamville,"Down Bad (feat. JID, Bas, J. Cole, EARTHGANG & Young Nudy)"
1054,Nipsey Hussle,Grinding All My Life
1055,The Chainsmokers,Call You Mine (feat. Bebe Rexha)
1056,Loud Luxury,Body (feat. brando)
1057,H.E.R.,Every Kind of Way
1058,Nipsey Hussle,Dedication (feat. Kendrick Lamar)
1059,Au/Ra,Panic Room
1060,Young Thug,Chanel (Go Get It) [feat. Gunna & Lil Baby]
1061,Drake,Fire & Desire
1062,NoCap,Still Me
1063,Travis Scott,SKELETONS
1064,RL Grime,UCLA (feat. 24hrs)
1065,Yungeen Ace,Step Harder
1066,Backstreet Boys,I Want It That Way
1067,Shakira,Hips Don't Lie (feat. Wyclef Jean)
1068,J.I the Prince of N.Y,Hood Scars
1069,Natanael Cano,Aunque Les Pese (feat. Fuerza Regida)
1070,G Herbo,What I Did
1071,YoungBoy Never Broke Again,You the One
1072,Bryson Tiller,Right My Wrongs
1073,Future,Codeine Crazy
1074,Gunna,3 Headed Snake (feat. Young Thug)
1075,Polo G,Pop Out Again (feat. Lil Baby & Gunna)
1076,Bad Bunny,Soy Peor
1077,Doja Cat,Rules
1078,Cody Johnson,On My Way to You
1079,Social House,Magic in the Hamptons (feat. Lil Yachty)
1080,Alec Benjamin,Let Me Down Slowly
1081,Alicia Keys,No One
1082,Polo G,Battle Cry
1083,Daddy Yankee,Que Tire Pa Lante
1084,Nipsey Hussle,Last Time That I Checcâd (feat. YG)
1085,Polo G,Chosen 1
1086,Travis Scott,R.I.P. SCREW
1087,K. Michelle,The Rain
1088,Burna Boy,Ye
1089,Kevin Gates,Push It
1090,Kodak Black,Too Many Years (feat. PnB Rock)
1091,blackbear,do re mi
1092,Dua Lipa,New Rules
1093,Drake,Finesse
1094,Drake,Fake Love
1095,Eminem,Love the Way You Lie (feat. Rihanna)
1096,Brett Kissel,Drink About Me
1097,Meek Mill,All Eyes On You (feat. Chris Brown & Nicki Minaj)
1098,Lil Baby & Gunna,Off White VLONE (feat. Lil Durk & NAV)
1099,G-Eazy & Halsey,Him & I
1100,A$AP Ferg,Plain Jane
1101,J.I the Prince of N.Y,Used To
1102,Hippie Sabotage,Devil Eyes
1103,SiR,Hair Down (feat. Kendrick Lamar)
1104,Drake,Portland (feat. Quavo & Travis Scott)
1105,Niall Horan,Put a Little Love On Me
1106,Andy Grammer,"Don't Give Up On Me (From ""Five Feet Apart"")"
1107,Pedro CapÃ³ & Farruko,Calma (Remix)
1108,Ty Dolla $ign,Purple Emoji (feat. J. Cole)
1109,NF,Paid My Dues
1110,Chris Brown,Look At Me Now (feat. Lil Wayne & Busta Rhymes)
1111,Kanye West,Everything We Need (feat. Ty Dolla $ign & Ant Clemons)
1112,Queen,Bohemian Rhapsody
1113,03 Greedo,Trap House (feat. Shoreline Mafia)
1114,Fabolous,Us vs. The World (feat. Chris Brown & Teyana Taylor)
1115,Lil Nas X & Cardi B,Rodeo
1116,Halsey,Bad at Love
1117,Future,March Madness
1118,P!nk,Love Me Anyway (feat. Chris Stapleton)
1119,Toto,Africa
1120,Frank Ocean,Nikes
1121,DaBaby,Walker Texas Ranger
1122,Bruno Mars,Just the Way You Are
1123,Diplo & Jonas Brothers,Lonely
1124,Drake,Can't Take a Joke
1125,Luke Combs,Reasons
1126,Bad Bunny,Si EstuviÃ©semos Juntos
1127,Superorganism,Something for Your M.I.N.D.
1128,Adele,Hello
1129,Tee Grizzley,Satish
1130,Pinkfong,Baby Shark
1131,Drake,HYFR (Hell Ya F*****g Right) [feat. Lil Wayne]
1132,The Weeknd,Often
1133,Jason Aldean,Dirt Road Anthem
1134,Fabolous,B.O.M.B.S.
1135,French Montana,Lifestyle (feat. Kodak Black & Kevin Gates)
1136,Portugal. The Man,Feel It Still
1137,Kodaline,All I Want
1138,Walker Hayes,Don't Let Her
1139,Justin Timberlake,CAN'T STOP THE FEELING!
1140,Ella Mai,Boo'd Up
1141,Kanye West,Selah
1142,Tory Lanez,Blowin' Mine's // Leah's Introduction (SKIT)
1143,Key Glock,Russian Cream
1144,SAINt JHN,Roses (Imanbek Remix)
1145,YoungBoy Never Broke Again,Lost Motives
1146,Brent Faiyaz,Rehab (Winter In Paris)
1147,YFN Lucci,Lonely (feat. Bigga Rankin)
1148,Lady Antebellum,Need You Now
1149,Rob $tone,Chill Bill (feat. J. Davi$ & Spooks)
1150,DaBaby,Pony
1151,"Jay Rock, Kendrick Lamar, Future, James Blake",King's Dead
1152,NoCap,In 4
1153,Kodak Black,Transportin'
1154,Drake,One Dance (feat. Wizkid & Kyla)
1155,"Rae Sremmurd, Swae Lee & Slim Jxmmi",Powerglide (feat. Juicy J) [From SR3MM]
1156,Calum Scott,Dancing On My Own
1157,PARTYNEXTDOOR,Recognize (feat. Drake)
1158,Drake,Jungle
1159,Kendrick Lamar,LOYALTY. (FEAT. RIHANNA.)
1160,Only The Family,No Auto Durk (feat. Lil Durk)
1161,Wale,Lotus Flower Bomb (feat. Miguel)
1162,Young Dolph & Key Glock,Water on Water on Water
1163,Megan Thee Stallion,Realer
1164,Rich The Kid,Splashin
1165,Kevin Gates,Funny How
1166,Rod Wave,Bottom Boy Survivor
1167,Ariana Grande,breathin
1168,Bruno Mars,Finesse (Remix) [feat. Cardi B]
1169,Drake,Crew Love (feat. The Weeknd)
1170,SimxSantana,FLEXIN N' FLASHIN
1171,Ashnikko,STUPID (feat. Yung Baby Tate)
1172,blackbear,Idfc
1173,Fetty Wap,Trap Queen
1174,Ozuna,La Modelo (feat. Cardi B)
1175,Michael Ray,Her World or Mine
1176,Sub Urban,Cradles
1177,Bad Bunny,Solo de MÃ­
1178,Travis Scott,STOP TRYING TO BE GOD
1179,Anuel AA & Haze,Amanece
1180,Lil Baby,Never Needed No Help
1181,Adam Doleac,Famous
1182,Trippie Redd,Shake It Up
1183,Drake,Take Care (feat. Rihanna)
1184,Kehlani,RPG (feat. 6LACK)
1185,Luke Combs,Must've Never Met You
1186,Gucci Mane,Both (feat. Drake)
1187,Maluma,11 PM
1188,Major Lazer,Que Calor (feat. J Balvin & El Alfa)
1189,Kendrick Lamar,A.D.H.D
1190,Mark Ronson,Uptown Funk (feat. Bruno Mars)
1191,Luke Combs,Nothing Like You
1192,Usher,U Got It Bad
1193,Gunna,Same Yung N***a (feat. Playboi Carti)
1194,AC/DC,Thunderstruck
1195,Ed Sheeran,Happier
1196,Marshmello,Here With Me (feat. CHVRCHES)
1197,J. Cole,Neighbors
1198,DMB Gotti,Peter Piper
1199,NF,Lie
1200,Chance the Rapper,Juke Jam (feat. Justin Bieber & Towkio)
1201,Mick Jenkins,Carefree
1202,Post Malone,Paranoid
1203,Eminem,'Till I Collapse (feat. Nate Dogg)
1204,Chief Keef,Faneto (feat. Tadoe)
1205,Big Sean,I Don't F**k With You (feat. E-40)
1206,Teyana Taylor,Gonna Love Me
1207,Lenin RamÃ­rez,Yo Ya No Vuelvo Contigo (feat. Grupo Firme) [En Vivo]
1208,Young Thug,Digits
1209,Juice WRLD,HeMotions
1210,Fun.,We Are Young (feat. Janelle MonÃ¡e)
1211,J. Cole,Love Yourz
1212,AminÃ©,Caroline
1213,Drake,Blue Tint
1214,Megan Thee Stallion,Freak Nasty
1215,Lil Keed,HBS
1216,Jimmie Allen,Best Shot
1217,NF,When I Grow Up
1218,Wiz Khalifa,Hopeless Romantic (feat. Swae Lee)
1219,Lil Baby,All of a Sudden (feat. Moneybagg Yo)
1220,Ali Gatie,Moonlight
1221,Eminem,Lose Yourself
1222,Vince Staples,Hell Bound (Ad 01)
1223,21 Savage,ball w/o you
1224,Why Don't We,What Am I
1225,The Notorious B.I.G.,Juicy
1226,KYLE,iSpy (feat. Lil Yachty)
1227,Nirvana,Smells Like Teen Spirit
1228,Maroon 5,She Will Be Loved
1229,Marca MP,Te Apuesto (En vivo)
1230,Maddie & Tae,Die From A Broken Heart
1231,Jason Mraz,I'm Yours
1232,Sam Smith,Stay With Me
1233,G Herbo,Hunnit Bands
1234,Rex Orange County,Sunflower
1235,Carrie Underwood,Before He Cheats
1236,Future,100 Shooters (feat. Meek Mill & Doe Boy)
1237,Khalid,Right Back (feat. A Boogie wit da Hoodie)
1238,The Weeknd,Wasted Times
1239,BeyoncÃ©,Crazy in Love (feat. Jay-Z)
1240,Young Thug,Sup Mate (feat. Future)
1241,Mac Miller,Dang! (feat. Anderson .Paak)
1242,Red Velvet,Psycho
1243,Bryce Vine,Drew Barrymore
1244,Bad Bunny,Otra Noche en Miami
1245,Kanye West,Use This Gospel (feat. Clipse & Kenny G)
1246,Jeremih,Planez (feat. J. Cole)
1247,Labrinth,Still Don't Know My Name
1248,Nicki Minaj,"Only (feat. Drake, Lil Wayne & Chris Brown)"
1249,Lukas Graham,Love Someone
1250,Shoreline Mafia,Musty
1251,Mac Miller,Wings
1252,Smokepurpp,All For Me (feat. Trippie Redd)
1253,Imagine Dragons,Natural
1254,Ariana Grande,no tears left to cry
1255,Future,F*ck Up Some Commas
1256,Bryson Tiller,Sorry Not Sorry
1257,French Montana,"Writing on the Wall (feat. Post Malone, Cardi B & Rvssian)"
1258,"Bad Bunny, Ozuna & Farruko","Diles (feat. ArcÃ¡ngel, Ãengo Flow, DJ Luian & Mambo Kingz)"
1259,The Weeknd,Wicked Games
1260,KYLE,Don't Wanna Fall In Love
1261,Drake,Girls Love BeyoncÃ© (feat. James Fauntleroy)
1262,"Halsey, SUGA & BTS",SUGA's Interlude
1263,Ariana Grande,NASA
1264,The White Stripes,Seven Nation Army
1265,Famous Dex,PICK IT UP (feat. A$AP Rocky)
1266,KAL,Blueberry Faygo
1267,PUBLIC,Make You Mine
1268,Young Dolph,Major (feat. Key Glock)
1269,Luke Combs,"Houston, We Got a Problem"
1270,Halsey,Nightmare
1271,Travis Scott,through the late night
1272,twenty one pilots,Stressed Out
1273,Alina Baraz,Electric (feat. Khalid)
1274,Future,Stick Talk
1275,Drake & Future,Diamonds Dancing
1276,J. Cole,Crooked Smile (feat. TLC)
1277,Lukas Graham,7 Years
1278,Tory Lanez,If You Gotta... (feat. Fabolous)
1279,SZA,Garden (Say It Like Dat)
1280,G Herbo,Can't Sleep
1281,G Herbo,Summer is Cancelled
1282,Eminem,Killshot
1283,Ozuna,FantasÃ­a
1284,Michael Jackson,Billie Jean
1285,T-Pain,Buy U a Drank (Shawty Snappin') [feat. Yung Joc]
1286,Chris Brown,Indigo
1287,J. Cole,Apparently
1288,Miguel,Come Through and Chill (feat. J. Cole & Salaam Remi)
1289,Meek Mill,Dangerous (feat. Jeremih and PnB Rock)
1290,Rae Sremmurd,This Could Be Us
1291,Rich The Kid,Plug Walk
1292,DJ Khaled,"Do You Mind (feat. Nicki Minaj, Chris Brown, August Alsina, Jeremih, Future & Rick Ross)"
1293,DJ Khaled,Just Us (feat. SZA)
1294,XXXTENTACION,BAD!
1295,Taylor Swift,Cruel Summer
1296,Drake,Dreams Money Can Buy
1297,Bazzi,Why
1298,Migos,Stir Fry
1299,Ed Sheeran,Photograph
1300,Khalid,Outta My Head (with John Mayer)
1301,Taylor Swift,I Forgot That You Existed
1302,Big Sean & Hit-Boy,Bezerk (feat. A$AP Ferg)
1303,Kevin Gates,Luv Bug
1304,Fugees,Killing Me Softly With His Song
1305,Bad Bunny,Caro
1306,Drake,Energy
1307,Bruno Mars,Grenade
1308,Morgan Wallen,The Way I Talk
1309,Kevin Gates,Say It Twice
1310,Rae Sremmurd,Black Beatles (feat. Gucci Mane)
1311,Andra Day,Rise Up
1312,Shakira & Anuel AA,Me Gusta
1313,G Herbo,My Bro's a Legend
1314,Natti Natasha & Romeo Santos,La Mejor VersiÃ³n de MÃ­ (Remix)
1315,Bad Bunny,Estamos Bien
1316,XXXTENTACION,I Don't Wanna Do This Anymore
1317,Bobby Shmurda,Hot N*gga
1318,Drake,Emotionless
1319,Kevin Gates,RBS Intro
1320,gnash,"i hate u, i love u (feat. Olivia O'Brien)"
1321,Green Day,Boulevard of Broken Dreams
1322,A$AP Rocky,"A$AP Forever (feat. Moby, T.I. & Kid Cudi)"
1323,Kanye West,God Is
1324,Tory Lanez,The Fargo Splash (feat. Ludacris)
1325,Ne-Yo,So Sick
1326,Olivia Rodrigo & Joshua Bassett,"I Think I Kinda, You Know (Duet)"
1327,Daniel Caesar,Japanese Denim
1328,Wiz Khalifa,See You Again (feat. Charlie Puth)
1329,Milky Chance,Stolen Dance
1330,Ryan Hurd,To a T
1331,Doja Cat,Tia Tamera (feat. Rico Nasty)
1332,Chris Brown,"Pills & Automobiles (feat. Yo Gotti, A Boogie wit da Hoodie & Kodak Black)"
1333,Nelly,Dilemma (feat. Kelly Rowland)
1334,Trey Songz,Slow Motion
1335,Mac Miller,Jet Fuel
1336,Cage the Elephant,Cigarette Daydreams
1337,Journey,Don't Stop Believin'
1338,Alicia Keys,Underdog
1339,Tory Lanez,Best of You // Busted (feat. MÃ½a) [SKIT]
1340,Kendrick Lamar,DNA.
1341,50 Cent,In da Club
1342,Kanye West & Lil Pump,I Love It
1343,Noah Cyrus,Lonely
1344,Tame Impala,Borderline
1345,Destiny's Child,Say My Name
1346,Khalid,Saturday Nights
1347,Logic,1-800-273-8255 (feat. Alessia Cara & Khalid)
1348,Drake,Doing It Wrong
1349,Chris Stapleton,Broken Halos
1350,MGMT,Electric Feel
1351,JhenÃ© Aiko,Stay Ready (What a Life) [feat. Kendrick Lamar]
1352,BeyoncÃ©,Love On Top
1353,Megan Thee Stallion,Simon Says (feat. Juicy J)
1354,21 Savage,a&t
1355,LANCO,Greatest Love Story
1356,"Zedd, Maren Morris & Grey",The Middle
1357,Kanye West,Power
1358,Drake,Do Not Disturb
1359,50 Cent,21 Questions (feat. Nate Dogg) [feat. Nate Dogg]
1360,Christina Perri,A Thousand Years
1361,Ariana Grande,The Way (feat. Mac Miller)
1362,Post Malone,Feeling Whitney
1363,Drake,Shot for Me
1364,Hillsong UNITED,Oceans (Where Feet May Fail)
1365,Kanye West,Gold Digger (feat. Jamie Foxx) [Explicit]
1366,Jack Stauber,Buttercup
1367,Adele,When We Were Young
1368,Cuco,Lo Que Siento
1369,Labrinth,Jealous
1370,Drake,Started From the Bottom
1371,Lil Wayne,Love Me (feat. Drake & Future)
1372,Rich Gang,Lifestyle (feat. Young Thug & Rich Homie Quan)
1373,Drake,Come Thru
1374,Drake,Too Good (feat. Rihanna)
1375,Kid Cudi,Day 'n' Nite
1376,Eminem,The Real Slim Shady
1377,Drake,Childs Play
1378,Drake,Feel No Ways
1379,Lil Wayne,6 Foot 7 Foot (feat. Cory Gunz)
1380,J. Cole,Deja Vu
1381,Taylor Swift,Shake It Off
1382,Rihanna,Umbrella (feat. JAY Z)
1383,Jon Pardi,Night Shift
1384,Rae Sremmurd,Come Get Her
1385,Billie Eilish,watch
1386,Trippie Redd,It Takes Time
1387,Kanye West,Runaway (feat. Pusha T)
1388,M.I.A.,Paper Planes
1389,Sublime,Santeria
1390,Plain White T's,Hey There Delilah
1391,Avicii,Wake Me Up
1392,A Great Big World & Christina Aguilera,Say Something
1393,Blackstreet,No Diggity (feat. Dr. Dre & Queen Pen)
1394,Drake,Hotline Bling
1395,Drake & Future,Scholarships
1396,NAV,Myself
1397,The Weeknd,Earned It (Fifty Shades of Grey)
1398,Keith Urban,Blue Ain't Your Color
1399,Drake & Future,Digital Dash
1400,Maroon 5,Payphone (feat. Wiz Khalifa)
1401,Rihanna,Stay (feat. Mikky Ekko)
1402,Rae Sremmurd,Swang
1403,Rihanna,Sex with Me
1404,Drake,Pound Cake / Paris Morton Music 2 (feat. JAY Z)
1405,Taylor Swift,Blank Space
1406,Ashanti,Foolish
1407,Queen,Don't Stop Me Now
1408,Justin Bieber,Baby (feat. Ludacris)
1409,Billie Eilish,Six Feet Under
1410,Soulja Boy Tell 'Em,Kiss Me Thru the Phone (feat. Sammie)
1411,Thomas Rhett,Die a Happy Man
1412,Midland,Drinkin' Problem
1413,Migos,Notice Me (feat. Post Malone)
1414,Migos,Narcos
1415,Ariana Grande,Side To Side (feat. Nicki Minaj)
1416,Drake,Legend
1417,Ariana Grande & The Weeknd,Love Me Harder
1418,Lil Wayne,How to Love
1419,The Weeknd,Can't Feel My Face
1420,Sam Smith,I'm Not the Only One
1421,The Weeknd,Reminder
1422,Kid Cudi,Pursuit of Happiness (Nightmare) [feat. MGMT & Ratatat]
