Rank,Artist,Song
1,GUNNA,Argentina
2,DABABY,Rockstar (Feat. Roddy Ricch)
3,GUNNA,Dollaz On My Head (Feat. Young Thug)
4,GUNNA,Blindfold (Feat. Lil Baby)
5,GUNNA,Gimmick
6,GUNNA,Cooler Than A Bitch (Feat. Roddy Rich)
7,DRAKE,Toosie Slide
8,GUNNA,Top Floor (Feat. Travis Scott)
9,GUNNA,Motw
10,GUNNA,Wunna
11,GUNNA,Feigning
12,GUNNA,Wunna
13,GUNNA,Met Gala
14,GUNNA,Addys (Feat. Nechie)
15,GUNNA,Nasty Girl / On Camera
16,GUNNA,Skybox
17,GUNNA,Rockstar Bikers & Chains
18,THE WEEKND,Blinding Lights
19,POLO G,Flex (Feat. Juice Wrld)
20,LADY GAGA & ARIANA GRANDE,Rain On Me
21,GUNNA,I'M On Some
22,GUNNA,Do Better
23,GUNNA,Don'T Play Around
24,FUTURE,Trillionaire (Feat. Youngboy Never Broke Again)
25,GUNNA,Far (Feat. Young Thug)
26,MEGAN THEE STALLION,Savage Remix (Feat. Beyoncã©)
27,DRAKE,Chicago Freestyle (Feat. Giveon)
28,RODDY RICCH,The Box
29,"THE SCOTTS, TRAVIS SCOTT & KID CUDI",The Scotts
30,FUTURE,Solitaires (Feat. Travis Scott)
31,FUTURE,Life Is Good (Feat. Drake)
32,POLO G,Martin & Gina
33,6IX9INE,Gooba
34,POLO G,21
35,MIGOS,Need It (Feat. Youngboy Never Broke Again)
36,LIL BABY & 42 DUGG,We Paid
37,LIL DURK,3 Headed Goat (Feat. Lil Baby & Polo G)
38,JACK HARLOW,Whats Poppin
39,STAYSOLIDROCKY,Party Girl
40,CHRIS BROWN & YOUNG THUG,Go Crazy
41,LIL BABY,Sum 2 Prove
42,LIL MOSEY,Blueberry Faygo
43,POLO G,Be Something (Feat. Lil Baby)
44,LIL BABY,Emotionally Scarred
45,FUTURE,Trapped In The Sun
46,KEY GLOCK,Rich Blessed N Savage
47,KEY GLOCK,Son Of A Gun
48,ARIANA GRANDE & JUSTIN BIEBER,Stuck With U
49,"POLO G, STUNNA 4 VEGAS & NLE CHOPPA",Go Stupid (Feat. Mike Will Made-It)
50,FUTURE,All Bad (Feat. Lil Uzi Vert)
51,FUTURE,Too Comfortable
52,FUTURE,Ridin Strikers
53,KEHLANI,Can I (Feat. Tory Lanez)
54,RODDY RICCH,High Fashion (Feat. Mustard)
55,POLO G,33
56,FUTURE,Hard To Choose One
57,LIL BABY,Woah
58,SAINT JHN,Roses (Imanbek Remix)
59,MUSTARD & RODDY RICCH,Ballinâ
60,LIL BABY,All In
61,DON TOLIVER,After Party
62,LIL BABY & 42 DUGG,Grace
63,FUTURE,Hitek Tek
64,NLE CHOPPA,Walk Em Down (Feat. Roddy Ricch)
65,POLO G,I Know
66,LIL BABY,Commercial (Feat. Lil Uzi Vert)
67,DRAKE,Pain 1993 (Feat. Playboi Carti)
68,JUSTIN BIEBER,Intentions (Feat. Quavo)
69,FUTURE,Posted With Demons
70,POLO G,Don'T Believe The Hype
71,POLO G,Beautiful Pain (Losin My Mind)
72,DRAKE,Desires (Feat. Future)
73,DRAKE,Time Flies
74,POLO G,Heartless (Feat. Mustard)
75,DABABY,Jump (Feat. Youngboy Never Broke Again)
76,KEY GLOCK,Fytb
77,FUTURE,One Of My
78,NAV & GUNNA,Turks (Feat. Travis Scott)
79,POST MALONE,Circles
80,DOJA CAT,Say So (Feat. Nicki Minaj)
81,FUTURE,Accepting My Flaws
82,SURFACES,Sunday Best
83,FUTURE,Touch The Sky
84,HARRY STYLES,Adore You
85,DRAKE,Not You Too (Feat. Chris Brown)
86,KEHLANI,Toxic
87,FUTURE,Up The River
88,ROD WAVE,Girl Of My Dreams
89,POLO G,Dnd
90,"FUTURE, DRAKE & YOUNG THUG",D4L
91,MONEYBAGG YO,Me Vs Me
92,FUTURE,Harlem Shake (Feat. Young Thug)
93,KEY GLOCK,Flexxxin
94,LIL BABY & GUNNA,Heatin Up
95,MEGAN THEE STALLION,Savage
96,JHENÃ© AIKO,B.S. (Feat. H.E.R.)
97,DUA LIPA,Don'T Start Now
98,"BAD BUNNY, JOWELL & RANDY & ÃENGO FLOW",Safaera
99,LIL BABY,Low Down
100,TONES AND I,Dance Monkey
101,DABABY,Bop
102,"QUALITY CONTROL, LIL BABY & DABABY",Baby
103,LIL BABY,Social Distancing
104,DABABY,Find My Way
105,HARRY STYLES,Watermelon Sugar
106,CHRIS BROWN,No Guidance (Feat. Drake)
107,TORY LANEZ,Broke In A Minute
108,DRAKE,Demons (Feat. Fivio Foreign & Sosa Geek)
109,POLO G,Wishing For A Hero (Feat. Bj The Chicago Kid)
110,MORGAN WALLEN,More Than My Hometown
111,JUICE WRLD,Righteous
112,MORGAN WALLEN,Chasin' You
113,FUTURE,Pray For A Key
114,FUTURE,Outer Space Bih
115,LIL UZI VERT,Myron
116,PARTYNEXTDOOR & RIHANNA,Believe It
117,MEGAN THEE STALLION,Captain Hook
118,BAD BUNNY,Yo Perreo Sola
119,KEY GLOCK,Money Talk
120,KEHLANI,Change Your Life (Feat. Jhenã© Aiko)
121,KEY GLOCK,One Day
122,JACKBOYS & TRAVIS SCOTT,Out West (Feat. Young Thug)
123,LIL DURK,Viral Moment
124,LADY GAGA,Stupid Love
125,JUICE WRLD & YOUNGBOY NEVER BROKE AGAIN,Bandit
126,LIL BABY & MONEYBAGG YO,No Sucker
127,DIPLO,Heartless (Feat. Morgan Wallen)
128,DOJA CAT,Say So
129,POLO G,No Matter What
130,LIL BABY,Humble
131,POST MALONE & SWAE LEE,Sunflower (Spider-Man: Into The Spider-Verse)
132,POLO G,Relentless
133,DABABY,Nasty (Feat. Ashanti & Megan Thee Stallion)
134,DRAKE,From Florida With Love
135,LIL DURK,All Love
136,MARSHMELLO & HALSEY,Be Kind
137,LEWIS CAPALDI,Before You Go
138,ARIZONA ZERVAS,Roxanne
139,MORGAN WALLEN,Whiskey Glasses
140,DRAKE,Landed
141,POP SMOKE,Dior
142,DABABY,Vibez
143,TRAVIS SCOTT,Sicko Mode
144,FUTURE,"Life Is Good (Remix) [Feat. Drake, Dababy & Lil Baby]"
145,BAD BUNNY,Bye Me Fui
146,BILLIE EILISH,Everything I Wanted
147,POLO G,Trials & Tribulations
148,ROD WAVE,And I Still
149,JXDN,Angels & Demons
150,DRAKE,When To Say When
151,DUA LIPA,Break My Heart
152,KEY GLOCK,I Know
153,ROD WAVE,Heart On Ice
154,POWFU,Death Bed (Feat. Beabadoobee) [Coffee For Your Head]
155,SAM HUNT,Hard To Forget
156,BENEE,Supalonely (Feat. Gus Dapperton)
157,LIL BABY & GUNNA,Drip Too Hard
158,YOUNGBOY NEVER BROKE AGAIN,Lil Top
159,TORY LANEZ,Temperature Rising
160,LIL UZI VERT,That Way
161,LIL TJAY,Zoo York (Feat. Fivio Foreign & Pop Smoke)
162,KEY GLOCK,Gucci Sweatsuit
163,POLO G,Chinatown
164,KATY PERRY,Daisies
165,DRAKE,Deep Pockets
166,JONAS BROTHERS,X (Feat. Karol G)
167,FUTURE,Last Name (Feat. Lil Durk)
168,MONEYBAGG YO,No Chill (Feat. Lil Baby & Rylo Rodriguez)
169,DABABY,Lightskin Sh*T (Feat. Future & Jetsonmade)
170,JUICE WRLD,Lucid Dreams
171,TRIPPIE REDD & PARTYNEXTDOOR,Excitement
172,LIL BABY,Get Money
173,KEY GLOCK,Come Thru
174,BLACKBEAR,Hot Girl Bummer
175,LUKE COMBS,Beautiful Crazy
176,YOUNGBOY NEVER BROKE AGAIN,Make No Sense
177,DRAKE,War
178,DABABY,Toes (Feat. Lil Baby & Moneybagg Yo)
179,KEHLANI,Water
180,KEHLANI,F&Mu
181,JHENÃ© AIKO,P*$$Y Fairy (Otw)
182,BAD BUNNY,Si Veo A Tu Mamã¡
183,THE WEEKND,In Your Eyes (Remix) [Feat. Doja Cat]
184,LIL BABY,Live Off My Closet (Feat. Future)
185,FUTURE,100 Shooters (Feat. Meek Mill & Doe Boy)
186,THE WEEKND,Heartless
187,BAD BUNNY & NICKY JAM,Bad Con Nicky
188,TRAVIS SCOTT,Highest In The Room
189,BAD BUNNY & JHAY CORTEZ,CãMo Se Siente (Remix)
190,KEY GLOCK,Igloo
191,TORY LANEZ,The Take (Feat. Chris Brown)
192,ROD WAVE,F**K The World
193,RUSS,3Am (Feat. Ty Dolla $Ign)
194,G HERBO,"Ptsd (Feat. Chance The Rapper, Juice Wrld & Lil Uzi Vert)"
195,H.E.R.,Slide (Feat. Yg)
196,DABABY,Suge
197,THE WEEKND,In Your Eyes
198,RODDY RICCH,Start Wit Me (Feat. Gunna)
199,BAD BUNNY & YANDEL,CanciãN Con Yandel
200,BAD BUNNY,Vete
201,LIL DURK,Internet Sensation
202,KEHLANI,Bad News
203,YFN LUCCI,Wet
204,FUTURE,Tycoon
205,SUMMER WALKER & BRYSON TILLER,Playing Games (Extended Version)
206,LIL DURK,248
207,LIL BABY & DRAKE,Yes Indeed
208,A BOOGIE WIT DA HOODIE,"Numbers (Feat. Roddy Ricch, Gunna And London On Da Track)"
209,JP SAXE & JULIA MICHAELS,If The World Was Ending (Feat. Julia Michaels)
210,MIGOS,Racks 2 Skinny
211,ROD WAVE,The Greatest
212,DRAKE,Losses
213,SLEEPY HALLOW,Deep End Freestyle
214,KEY GLOCK,Go Get It
215,JUICE WRLD,Robbery
216,REGARD,Ride It
217,KEHLANI,Hate The Club (Feat. Masego)
218,BAD BUNNY,La Difã­Cil
219,KEY GLOCK,Cops N Robbers
220,TREVOR DANIEL,Falling
221,SUMMER WALKER,I'Ll Kill You (Feat. Jhenã© Aiko)
222,KEHLANI,Everybody Business
223,J.I THE PRINCE OF N.Y,Need Me
224,DRAKE,Money In The Grave (Feat. Rick Ross)
225,DIPLO & JULIA MICHAELS,Heartless (Feat. Morgan Wallen)
226,MEGAN THEE STALLION,Cash Shit (Feat. Dababy)
227,DABABY,Pick Up (Feat. Quavo)
228,RODDY RICCH,Bacc Seat (Feat. Ty Dolla $Ign)
229,LIL DURK,Street Affection
230,GABBY BARRETT,I Hope
231,DON TOLIVER,No Idea
232,TRAVIS SCOTT,Goosebumps
233,RUSS,Best On Earth (Feat. Bia) [Bonus]
234,MELANIE MARTINEZ,Play Date
235,BILLIE EILISH,Bad Guy
236,YOUNGBOY NEVER BROKE AGAIN,Ain'T Easy
237,LIL UZI VERT & 21 SAVAGE,Yessirskiii
238,EMINEM,Godzilla (Feat. Juice Wrld)
239,MONEYBAGG YO,1 2 3 (Feat. Blac Youngsta)
240,POST MALONE,Goodbyes (Feat. Young Thug)
241,SUMMER WALKER & USHER,Come Thru
242,SUMMER WALKER,Body
243,DOJA CAT,Like That (Feat. Gucci Mane)
244,ELLIE GOULDING,Power
245,LIL DURK,Gucci Gucci (Feat. Gunna)
246,LIL UZI VERT,Lo Mein
247,LIL DURK,Triflin Hoes
248,CARLY PEARCE & LEE BRICE,I Hope YouâRe Happy Now
249,KEY GLOCK,Cream
250,MEEK MILL,Going Bad (Feat. Drake)
251,LIL UZI VERT,Bean (Kobe) [Feat. Chief Keef]
252,SURF MESA,Ily (I Love You Baby) [Feat. Emilee]
253,BAD BUNNY & ZION & LENNOX,MãS De Una Cita
254,HALSEY,You Should Be Sad
255,BAD BUNNY & DADDY YANKEE,La Santa
256,POST MALONE,Rockstar (Feat. 21 Savage)
257,LIZZO,Truth Hurts
258,LIL NAS X,Old Town Road (Feat. Billy Ray Cyrus) [Remix]
259,LIL UZI VERT,P2
260,LIL BABY,How
261,SAM HUNT,Kinfolks
262,BAD BUNNY & DON OMAR,Pa' Romperla
263,LIL UZI VERT,Baby Pluto
264,THOMAS RHETT,Beer Can'T Fix (Feat. Jon Pardi)
265,YOUNGBOY NEVER BROKE AGAIN,Ai Nash
266,OLD DOMINION,One Man Band
267,CHLOE X HALLE,Do It
268,POP SMOKE,Shake The Room (Feat. Quavo)
269,KEHLANI,Serial Lover
270,SIA,"Together (From The Motion Picture ""Music"")"
271,YOUNG THUG,Bad Bad Bad (Feat. Lil Baby)
272,KEY GLOCK,I Can Tell
273,CAMILA CABELLO,My Oh My (Feat. Dababy)
274,KEHLANI,Can You Blame Me (Feat. Lucky Daye)
275,JOYNER LUCAS & WILL SMITH,Will (Remix)
276,LIL BABY,Forever (Feat. Lil Wayne)
277,KEY GLOCK,Kill Switch
278,LEE BRICE,One Of Them Girls
279,ROD WAVE,Thief In The Night
280,POLO G,Pop Out (Feat. Lil Tjay)
281,MONEYBAGG YO,U Played (Feat. Lil Baby)
282,LIL BABY,Same Thing
283,LIL BABY,Get Ugly
284,A BOOGIE WIT DA HOODIE,Swervin (Feat. 6Ix9Ine)
285,ROD WAVE,Rags2Riches (Feat. Atr Son Son)
286,YNW MELLY,Suicidal (Remix) [Feat. Juice Wrld]
287,BAD BUNNY,Bendiciones
288,LIL DURK,Broke Up In Miami
289,DAN + SHAY & JUSTIN BIEBER,"10,000 Hours"
290,KAROL G & NICKI MINAJ,Tusa
291,NAV,Status (Feat. Lil Uzi Vert)
292,JHENÃ© AIKO,Happiness Over Everything (H.O.E.) [Feat. Future & Miguel]
293,LIL BABY & YOUNG THUG,We Should
294,DRAKE,Nonstop
295,LIL TJAY,F.N
296,DOJA CAT,Boss Bitch
297,ROD WAVE,Green Light
298,JHENÃ© AIKO,Triggered (Freestyle)
299,BILLIE EILISH,When The Party'S Over
300,KEHLANI,Open (Passionate)
301,LIL BABY,"Catch The Sun (From ""Queen & Slim: The Soundtrack"")"
302,HARDY,One Beer (Feat. Lauren Alaina & Devin Dawson)
303,MAREN MORRIS,The Bones
304,AGUST D,Daechwita
305,POST MALONE,Better Now
306,LEWIS CAPALDI,Someone You Loved
307,DAN + SHAY,Speechless
308,BAD BUNNY & TAINY,Callaita
309,YNW MELLY,Suicidal
310,LUKE COMBS,She Got The Best Of Me
311,BILLIE EILISH & KHALID,Lovely
312,YOUNGBOY NEVER BROKE AGAIN,Ten Talk
313,LIL DURK,Street Prayer
314,KHALID & DISCLOSURE,Know Your Worth
315,BLACK EYED PEAS & J BALVIN,Ritmo (Bad Boys For Life)
316,$UICIDEBOY$,"...And To Those I Love, Thanks For Sticking Around"
317,YOUNGBOY NEVER BROKE AGAIN,Diamonds
318,PARMALEE & BLANCO BROWN,Just The Way
319,TORY LANEZ & T-PAIN,Jerry Sprunger
320,LIL DURK,Different Meaning
321,DABABY,Blame It On Baby
322,J. COLE,Middle Child
323,MAROON 5,Memories
324,JHENÃ© AIKO,None Of Your Concern (Feat. Big Sean)
325,ROD WAVE,Pray 4 Love
326,RODDY RICCH,Tip Toe (Feat. A Boogie Wit Da Hoodie)
327,YNW MELLY,Murder On My Mind
328,ROD WAVE,Ribbon In The Sky
329,DEMI LOVATO,I Love Me
330,LUKE BRYAN,One Margarita
331,MACHINE GUN KELLY,Bloody Valentine
332,YOUNGBOY NEVER BROKE AGAIN,Rough Ryder
333,DRAKE,God'S Plan
334,BAD BUNNY,Si Ella Sale
335,KHALID,Talk
336,YOUNGBOY NEVER BROKE AGAIN,Hot Now
337,24KGOLDN,City Of Angels
338,LIL UZI VERT,Prices
339,LIL BABY,Consistent
340,SUMMER WALKER & DRAKE,Girls Need Love (Remix)
341,CHRIS BROWN & YOUNG THUG,Big Slimes (Feat. Gunna & Lil Duke)
342,POST MALONE,Take What You Want (Feat. Ozzy Osbourne & Travis Scott)
343,CITY GIRLS,Act Up
344,BLAKE SHELTON,God'S Country
345,POST MALONE,I Fall Apart
346,ARIANA GRANDE,7 Rings
347,FLIPP DINERO,How I Move (Feat. Lil Baby)
348,ROD WAVE,5% Tints
349,POST MALONE,Wow.
350,SAM HUNT,Body Like A Back Road
351,ROD WAVE,Dark Clouds
352,NAV,Codeine (Feat. Gunna)
353,BABY KEEM,Orange Soda
354,LIL BABY,Close Friends
355,POST MALONE,Psycho (Feat. Ty Dolla $Ign)
356,TRAVIS SCOTT,Yosemite
357,TWENTY ONE PILOTS,Level Of Concern
358,ROD WAVE,I Remember
359,NAV,Chirp (Feat. Quavo)
360,CHRIS STAPLETON,Tennessee Whiskey
361,LIL BABY,Can'T Explain
362,JASON ALDEAN,You Make It Easy
363,LIL DURK,Fabricated
364,FLORIDA GEORGIA LINE,I Love My Country
365,J BALVIN & BAD BUNNY,La CanciãN
366,LIL BABY & RYLO RODRIGUEZ,Forget That
367,LIL TECCA,Out Of Love (Feat. Internet Money)
368,SOCIAL HOUSE,Magic In The Hamptons (Feat. Lil Yachty)
369,"CARDI B, BAD BUNNY & J BALVIN",I Like It
370,XXXTENTACION,F**K Love (Feat. Trippie Redd)
371,KEHLANI,Grieving (Feat. James Blake)
372,LIL UZI VERT,Silly Watch
373,A BOOGIE WIT DA HOODIE,Me And My Guitar
374,6IX9INE,Fefe (Feat. Nicki Minaj & Murda Beatz)
375,BEBE REXHA & FLORIDA GEORGIA LINE,Meant To Be
376,BILLIE EILISH,Ocean Eyes
377,LIL DURK,Doin Too Much
378,ROD WAVE,No Weakness
379,YOUNG THUG,Hot (Feat. Gunna)
380,FETTY WAP,Trap Queen
381,J. COLE,No Role Modelz
382,JUICE WRLD,Armed And Dangerous
383,THOMAS RHETT & KANE BROWN,On Me (Feat. Ava Max)
384,RODDY RICCH,Peta (Feat. Meek Mill)
385,MORGAN WALLEN,Up Down (Feat. Florida Georgia Line)
386,LUKE COMBS,When It Rains It Pours
387,BAD BUNNY & YAVIAH,Bichiyal
388,CHRIS BROWN & YOUNG THUG,City Girls
389,BAD BUNNY & SECH,Ignorantes
390,BAD BUNNY,Ronca Freestyle
391,LIL DURK,Chiraq Demons (Feat. G Herbo)
392,TRAVIS SCOTT,Butterfly Effect
393,"JACKBOYS, POP SMOKE & TRAVIS SCOTT",Gatti
394,MEGAN THEE STALLION,Hot Girl Summer (Feat. Nicki Minaj & Ty Dolla $Ign)
395,TORY LANEZ,Do The Most
396,MORGAN WALLEN,Cover Me Up
397,HARRY STYLES,Falling
398,KANE BROWN,Heaven
399,BRENT FAIYAZ,Trust
400,POST MALONE,Enemies (Feat. Dababy)
401,YOUNGBOY NEVER BROKE AGAIN,Win Your Love
402,DRAKE,Nice For What
403,KODAK BLACK,Zeze (Feat. Travis Scott & Offset)
404,LIL UZI VERT,Homecoming
405,"JHAY CORTEZ, J BALVIN & BAD BUNNY",No Me Conoce (Remix)
406,SAWEETIE,My Type
407,TRAVIS SCOTT,Can'T Say
408,DUA LIPA,Physical
409,ESLABON ARMADO,Con Tus Besos
410,YOUNG THUG,The London (Feat. J. Cole & Travis Scott)
411,FETTY WAP,679 (Feat. Monty)
412,SHEFF G,"No Suburban, Pt. 2"
413,DABABY,Drop (Feat. A Boogie Wit Da Hoodie & London On Da Track)
414,ROD WAVE,Thug Life
415,LIL YACHTY & DABABY,Oprah'S Bank Account (Feat. Drake)
416,AGUST D,What Do You Think?
417,YOUNGBOY NEVER BROKE AGAIN,Red Eye
418,DAN + SHAY,Tequila
419,AGUST D,Moonlight
420,DABABY,Baby Sitter (Feat. Offset)
421,BAD BUNNY,Pero Ya No
422,KHALID,Young Dumb & Broke
423,LIL UZI VERT,Bigger Than Life
424,LUKE COMBS,Hurricane
425,RODDY RICCH,Big Stepper
426,CHRIS BROWN & YOUNG THUG,Trap Back (Feat. Major Nine)
427,ROD WAVE,Thug Motivation
428,FLORIDA GEORGIA LINE,Second Guessing (From Songland)
429,KHALID,Location
430,ARIANA GRANDE,"Thank U, Next"
431,ROD WAVE,Abandoned
432,AGUST D,Strange (Feat. Rm)
433,ROD WAVE,Dark Conversations
434,KEHLANI,Real Hot Girl Skit
435,CHRIS BROWN & YOUNG THUG,She Bumped Her Head (Feat. Gunna)
436,CHRIS BROWN,Heat (Feat. Gunna)
437,A BOOGIE WIT DA HOODIE,Look Back At It
438,BAZZI,Young & Alive
439,SAM SMITH & DEMI LOVATO,I'M Ready
440,KYLE,What It Is
441,ROD WAVE,Sky Priority
442,LIL BABY,Pure Cocaine
443,POST MALONE,Congratulations (Feat. Quavo)
444,CHRIS BROWN & YOUNG THUG,I Got Time (Feat. Shad Da God)
445,NATALIE TAYLOR,Surrender
446,POP SMOKE,Welcome To The Party
447,ROD WAVE,Cuban Links (Feat. Kevin Gates)
448,WALE,On Chill (Feat. Jeremih)
449,JAYDAYOUNGAN,23 Island
450,LPB POODY,Address It
451,JHENÃ© AIKO,P*$$Y Fairy (Otw)
452,LADY GAGA & BRADLEY COOPER,Shallow
453,"TYLER, THE CREATOR",Earfquake
454,YOUNG M.A,Dripset
455,DANIEL CAESAR,Best Part (Feat. H.E.R.)
456,LIL DURK,Turn Myself In
457,"NIO GARCÃ­A, CASPER MÃ¡GICO & BAD BUNNY","Te Botã© (Feat. Darell, Ozuna & Nicky Jam) [Remix]"
458,FETTY WAP,Pretty Thang
459,LEWIS CAPALDI,Hold Me While You Wait
460,XXXTENTACION,Jocelyn Flores
461,RODDY RICCH,Boom Boom Room
462,KANE BROWN,Cool Again
463,TORY LANEZ,Stupid Again
464,DANILEIGH,Easy (Remix) [Feat. Chris Brown]
465,DABABY,Sad Sh*T
466,TYLER CHILDERS,Feathered Indians
467,XXXTENTACION,Sad!
468,KEHLANI,Belong To The Streets Skit
469,JASON ALDEAN,Got What I Got
470,ALI GATIE,What If I Told You That I Love You
471,MARMAR OSO,Ruthless (Nice Guys Always Finish Last)
472,MARSHMELLO & KANE BROWN,One Thing Right
473,TRAVIS SCOTT,Stargazing
474,CONAN GRAY,Maniac
475,YOUNGBOY NEVER BROKE AGAIN,I-10 Baby
476,LIL UZI VERT,Venetia
477,TAME IMPALA,The Less I Know The Better
478,IANN DIOR,Prospect (Feat. Lil Baby)
479,KHALID,Better
480,AGUST D,Burn It (Feat. Max)
481,LUKE COMBS,Six Feet Apart
482,SHAWN MENDES & CAMILA CABELLO,Seã±Orita
483,LIL UZI VERT,Sanguine Paradise
484,21 SAVAGE,A Lot
485,RODDY RICCH,Die Young
486,DOJA CAT & TYGA,Juicy
487,BAD BUNNY,A Tu Merced
488,TEYANA TAYLOR,Bare Wit Me
489,YOUNGBOY NEVER BROKE AGAIN,Lonely Child
490,YOUNGBOY NEVER BROKE AGAIN,Self Control
491,DRIPREPORT,Skechers
492,LIL SKIES,Riot
493,DABABY,Champion
494,TAYLOR SWIFT,The Man
495,BRETT YOUNG,Lady
496,ROD WAVE,Roaming
497,CARDI B,Money
498,MADISON BEER,Selfish
499,YOUNGBOY NEVER BROKE AGAIN,I Choose You
500,DON TOLIVER,Cardigan
501,CHILDISH GAMBINO,Redbone
502,YOUNGBOY NEVER BROKE AGAIN,Nawfside
503,JORDAN DAVIS,Almost Maybes
504,DABABY,Can'T Stop
505,BROCKHAMPTON,Sugar
506,LIL UZI VERT,Xo Tour Llif3
507,AGUST D,28 (Feat. Niihwa)
508,ROD WAVE,Poison
509,POP SMOKE,Element
510,NATANAEL CANO,Amor Tumbado
511,BAD BUNNY,En Casita (Feat. Gabriela)
512,RILEY GREEN,I Wish Grandpas Never Died
513,SZA & JUSTIN TIMBERLAKE,The Other Side
514,J. COLE,Work Out
515,CHRIS BROWN & YOUNG THUG,Say You Love Me
516,BLAKE SHELTON,Nobody But You (Feat. Gwen Stefani)
517,THE WEEKND,Snowchild
518,JUICE WRLD,Empty
519,LEWIS CAPALDI,Bruises
520,NICKI MINAJ,Yikes
521,BRYSON TILLER,Exchange
522,CHASE RICE,Lonely If You Are
523,BAD BUNNY & ANUEL AA,Estã¡ C****N Ser Yo
524,XXXTENTACION,Moonlight
525,"RVSSIAN, LIL MOSEY & LIL TJAY",Only The Team
526,42 DUGG,Not A Rapper (Feat. Lil Baby & Yo Gotti)
527,YOUNGBOY NEVER BROKE AGAIN,Treat You Better
528,ROD WAVE,Brace Face
529,J. COLE,Wet Dreamz
530,YOUNGBOY NEVER BROKE AGAIN,Shadows
531,POP SMOKE,Foreigner (Feat. A Boogie Wit Da Hoodie)
532,KHALID,Eleven (Feat. Summer Walker)
533,RUSS,Sky (Feat. Boogie)
534,"TAINY, ANUEL AA & OZUNA",Adicto
535,SZA,Love Galore (Feat. Travis Scott)
536,MAHALIA,What You Did (Feat. Ella Mai)
537,BAD BUNNY,Soliã¡
538,LEE BRICE,Rumor
539,LIL DONALD,Do Better
540,BAD BUNNY,25/8
541,THE WEEKND,Call Out My Name
542,ED SHEERAN,Perfect
543,NATANAEL CANO,Disfruto Lo Malo
544,DABABY,Talk About It
545,LIL BABY,Freestyle
546,RODDY RICCH,Down Below
547,WILLOW,Wait A Minute!
548,A BOOGIE WIT DA HOODIE,Jungle
549,CARDI B,Thru Your Phone
550,MARSHMELLO & BASTILLE,Happier
551,POST MALONE,Die For Me (Feat. Future & Halsey)
552,OFFSET & METRO BOOMIN,Ric Flair Drip
553,YNW MELLY,Mixed Personalities (Feat. Kanye West)
554,DOJA CAT,Cyber Sex
555,LAUREN DAIGLE,You Say
556,AGUST D,People
557,DANIEL CAESAR,Get You (Feat. Kali Uchis)
558,YNW MELLY,223'S (Feat. 9Lokknine)
559,LIL UZI VERT,The Way Life Goes (Feat. Oh Wonder)
560,YOUNGBOY NEVER BROKE AGAIN,Thug Of Spades (Feat. Dababy)
561,POST MALONE,Hollywood'S Bleeding
562,SUMMER WALKER,Stretch You Out (Feat. A Boogie Wit Da Hoodie)
563,JUSTIN BIEBER,Yummy
564,BRYSON TILLER,Don'T
565,RUSSELL DICKERSON,Love You Like I Used To
566,MIGOS,Bad And Boujee (Feat. Lil Uzi Vert)
567,ED SHEERAN & JUSTIN BIEBER,I Don'T Care
568,"ANUEL AA, DADDY YANKEE & KAROL G",China (Feat. J Balvin & Ozuna)
569,LIL UZI VERT,Money Longer
570,RODDY RICCH,Every Season
571,TREVOR DANIEL & SUMMER WALKER,Falling (Summer Walker Remix)
572,THE CHAINSMOKERS,Closer (Feat. Halsey)
573,A BOOGIE WIT DA HOODIE,Still Think About You
574,YOUNGBOY NEVER BROKE AGAIN,Bad Bad
575,SAM SMITH,To Die For
576,MEGAN THEE STALLION,Big Ole Freak
577,TYGA,Taste (Feat. Offset)
578,BILLIE EILISH,Idontwannabeyouanymore
579,YOUNGBOY NEVER BROKE AGAIN,Fire Stars
580,CARDI B,Bodak Yellow
581,CODY JOHNSON,Diamond In My Pocket
582,BAD BUNNY,Mia (Feat. Drake)
583,DAN + SHAY,All To Myself
584,BAD BUNNY & MORA,Una Vez
585,PRINCESS NOKIA,I Like Him
586,YOUNGBOY NEVER BROKE AGAIN,Ranada
587,DRAKE,Marvins Room
588,YOUNGBOY NEVER BROKE AGAIN,Outside Today
589,GUNNA,Drip Or Drown
590,MORGAN WALLEN,This Bar
591,KAASH PAIGE,Love Songs (Bonus)
592,NIALL HORAN,No Judgement
593,KODAK BLACK,Roll In Peace (Feat. Xxxtentacion)
594,YG,"Big Bank (Feat. 2 Chainz, Big Sean & Nicki Minaj)"
595,BILLIE EILISH,I Love You
596,RUSS,Losin Control
597,MONEYBAGG YO,Issa No (375 Flow)
598,LUKE BRYAN,Knockin' Boots
599,YOUNGBOY NEVER BROKE AGAIN,Bout My Business (Feat. Sherhonda Gaulden)
600,JOJI,Slow Dancing In The Dark
601,LIL UZI VERT,20 Min
602,BAD BUNNY & ÃENGO FLOW,Quã© Malo
603,BRENT FAIYAZ,Been Away
604,KEHLANI,Nights Like This (Feat. Ty Dolla $Ign)
605,MORGAN WALLEN,The Way I Talk
606,JUICE WRLD,Legends
607,IMAGINE DRAGONS,Thunder
608,NLE CHOPPA,Camelot
609,FETTY WAP,Again
610,YOUNGBOY NEVER BROKE AGAIN,Fine By Time
611,KODAK BLACK,No Flockin
612,USHER,Yeah! (Feat. Lil Jon & Ludacris)
613,BOOSIE BADAZZ,Nasty Nasty
614,FUTURE & JUICE WRLD,Fine China
615,A BOOGIE WIT DA HOODIE,Drowning (Feat. Kodak Black)
616,ED SHEERAN,Shape Of You
617,TRIPPIE REDD,Taking A Walk
618,BAD BUNNY,La Zona
619,AGUST D,Honsool
620,CALBOY,Envy Me
621,PLAYBOI CARTI,Shoota (Feat. Lil Uzi Vert)
622,YOUNG THUG,Relationship (Feat. Future)
623,JONAS BROTHERS,Sucker
624,RUSS,You Coulda Left Me Alone
625,MEEK MILL,Dreams And Nightmares
626,SZA,The Weekend
627,JUICE WRLD,Hear Me Calling
628,MITCHELL TENPENNY,Anything She Says (Feat. Seaforth)
629,THE WEEKND,The Hills
630,RODDY RICCH,War Baby
631,NIPSEY HUSSLE,Racks In The Middle (Feat. Roddy Ricch And Hit-Boy)
632,LADY ANTEBELLUM,Champagne Night (From Songland)
633,ELLIE GOULDING & JUICE WRLD,Hate Me
634,TAYLOR SWIFT,Lover
635,GUNNA,Baby Birkin
636,POST MALONE,Saint-Tropez
637,KHALID,8Teen
638,BANDA MS DE SERGIO LIZÃ¡RRAGA & SNOOP DOGG,Quã© Maldiciã³N
639,LIL SKIES,Havin My Way (Feat. Lil Durk)
640,MONEYBAGG YO,Boffum (Feat. Big 30)
641,LIL BABY,Life Goes On (Feat. Gunna & Lil Uzi Vert)
642,ONEREPUBLIC,Didn'T I
643,SAM SMITH & NORMANI,Dancing With A Stranger
644,KODAK BLACK,Calling My Spirit
645,TRAVIS SCOTT,Beibs In The Trap
646,DUSTIN LYNCH,Thinking 'Bout You (Feat. Lauren Alaina)
647,TRIPPIE REDD,Mac 10 (Feat. Lil Baby & Lil Duke)
648,THE KID LAROI & LIL TJAY,Fade Away
649,BLANCO BROWN,The Git Up
650,NAV,Run It Up (Feat. Pop Smoke)
651,POST MALONE,Go Flex
652,KANE BROWN,What Ifs (Feat. Lauren Alaina)
653,LIZZO,Good As Hell
654,KIP MOORE,Red White Blue Jean American Dream
655,IDINA MENZEL & AURORA,Into The Unknown
656,ARIANA GRANDE,"Break Up With Your Girlfriend, I'M Bored"
657,LENNON STELLA,Kissing Other People
658,"NIO GARCÃ­A, ANUEL AA & MYKE TOWERS",La Jeepeta (Feat. Brray & Juanka) [Remix]
659,JUSTIN BIEBER,Forever (Feat. Post Malone & Clever)
660,YOUNGBOY NEVER BROKE AGAIN,Slime Belief
661,TRAVIS SCOTT & YOUNG THUG,Pick Up The Phone
662,"LIL BABY, GUNNA & DRAKE",Never Recover
663,TAYLOR SWIFT,You Need To Calm Down
664,TRAVIS SCOTT,No Bystanders
665,BRENT FAIYAZ,Clouded
666,LUKE COMBS,One Number Away
667,ED SHEERAN,Beautiful People (Feat. Khalid)
668,TREY SONGZ,Back Home (Feat. Summer Walker)
669,KENDRICK LAMAR,Love. (Feat. Zacari.)
670,BILLIE EILISH,Bury A Friend
671,BRENT FAIYAZ,F**K The World (Summer In London)
672,LIL BABY,Solid
673,POST MALONE,White Iverson
674,A BOOGIE WIT DA HOODIE,King Of My City
675,RL GRIME,Ucla (Feat. 24Hrs)
676,ALI GATIE,It'S You
677,TONES AND I,Bad Child
678,XXXTENTACION,Changes
679,PANIC! AT THE DISCO,High Hopes
680,JAMES ARTHUR,Say You Won'T Let Go
681,"GUCCI MANE, BRUNO MARS & KODAK BLACK",Wake Up In The Sky
682,MONEYBAGG YO,Kut Like Dat (Feat. Big Homiie G)
683,MAROON 5,Girls Like You (Feat. Cardi B)
684,TRAVIS SCOTT,Wake Up
685,SUMMER WALKER,Drunk Dialing...Lodt
686,TRIPPIE REDD,6 Kiss (Feat. Juice Wrld & Ynw Melly)
687,ADELE,Someone Like You
688,TEE GRIZZLEY,First Day Out
689,MIGUEL,Sure Thing
690,ED SHEERAN,Thinking Out Loud
691,ALT-J,Left Hand Free
692,"ARCÃ¡NGEL, SECH & ROMEO SANTOS",Sigues Con ÃL (Remix)
693,YOUNGBOY NEVER BROKE AGAIN,Pick From Pain
694,METRO BOOMIN,10 Freaky Girls (Feat. 21 Savage)
695,ROD WAVE,Close Enough To Hurt
696,JONAS BROTHERS,What A Man Gotta Do
697,POST MALONE,On The Road (Feat. Meek Mill & Lil Baby)
698,REGARD & RAYE,Secrets
699,ELLA MAI,Trip
700,DABABY,Amazing Grace
701,TRIPPIE REDD,1400 / 999 Freestyle (Feat. Juice Wrld)
702,GUNNA,Oh Okay (Feat. Young Thug & Lil Baby)
703,LIL SKIES,I
704,MARIO,Let Me Love You
705,SHECK WES,Mo Bamba
706,CODY JINKS,Loud And Heavy
707,PLAYBOI CARTI,@ Meh
708,NATANAEL CANO,Arriba
709,NIPSEY HUSSLE,Double Up (Feat. Belly & Dom Kennedy) [Bonus Track]
710,MEGAN THEE STALLION,B.I.T.C.H.
711,EAGLES,Hotel California
712,ASHE,Moral Of The Story
713,BILLIE EILISH,You Should See Me In A Crown
714,MIGUEL,Sky Walker (Feat. Travis Scott)
715,MUSTARD,"Baguettes In The Face (Feat. Nav, Playboi Carti & A Boogie Wit Da Hoodie)"
716,OUTKAST,Ms. Jackson
717,J. COLE,Power Trip (Feat. Miguel)
718,CALVIN HARRIS,Slide (Feat. Frank Ocean & Migos)
719,TY DOLLA $IGN,"Or Nah (Feat. The Weeknd, Wiz Khalifa And Dj Mustard) [Remix]"
720,YOUNG T & BUGSEY,Don'T Rush (Feat. Headie One)
721,HARRY STYLES,Lights Up
722,J BALVIN,Rojo
723,IMAGINE DRAGONS,Believer
724,G-EAZY,No Limit (Feat. A$Ap Rocky & Cardi B)
725,YOUNGBOY NEVER BROKE AGAIN,I Am Who They Say I Am (Feat. Kevin Gates And Quando Rondo)
726,FRANK OCEAN,Chanel
727,MIGOS,Taco Tuesday
728,LIL KEED,Wavy
729,PARTYNEXTDOOR,Loyal (Feat. Drake)
730,RUSS,No Tears Left
731,"SECH, OZUNA & ANUEL AA",Otro Trago (Feat. Darell & Nicky Jam) [Feat. Darell & Nicky Jam]
732,SUMMER WALKER,Tonight
733,TRAVIS DENNING,After A Few
734,KIANA LEDÃ©,Second Chances. (Feat. 6Lack)
735,"KHALID, 6LACK & TY DOLLA $IGN",Otw
736,KAMERON MARLOWE,Giving You Up
737,THOMAS RHETT,Look What God Gave Her
738,WAKA FLOCKA FLAME,No Hands (Feat. Roscoe Dash & Wale)
739,AC/DC,Back In Black
740,TORY LANEZ & MANSA,10 F*Cks
741,FRANK OCEAN,Lost
742,KENNY CHESNEY,Happy Does
743,LIL UZI VERT,Wassup (Feat. Future)
744,21 SAVAGE & METRO BOOMIN,X (Feat. Future)
745,G-EAZY & JACK HARLOW,Moana
746,TRIPPIE REDD,Who Needs Love
747,DOMINIC FIKE,3 Nights
748,YK OSIRIS,Worth It
749,K CAMP,What'S On Your Mind (Feat. Jacquees)
750,DON TOLIVER,Had Enough (Feat. Quavo & Offset)
751,DRAKE,Best I Ever Had
752,MORGAN WALLEN,If I Know Me
753,JUSTIN MOORE,Why We Drink
754,CHRIS LANE,I Don'T Know About You
755,KELLY CLARKSON,I Dare You
756,H.E.R.,Comfortable
757,TRIPPIE REDD,Topanga
758,POST MALONE,Ball For Me (Feat. Nicki Minaj)
759,FOSTER THE PEOPLE,Pumped Up Kicks
760,BRUNO MARS,ThatâS What I Like
761,CARDI B,Be Careful
762,GRYFFIN & CHRIS LANE,Hold You Tonight
763,BENNY BLANCO & JUICE WRLD,Graduation
764,XXXTENTACION,Everybody Dies In Their Nightmares
765,HALSEY,Without Me
766,Y2K & BBNO$,Lalala
767,RODDY RICCH,Perfect Time
768,SUMMER WALKER & PARTYNEXTDOOR,Just Might
769,LUKE COMBS,Must'Ve Never Met You
770,NAV,Recap (Feat. Don Toliver)
771,SAM FISCHER,This City
772,KODAK BLACK,Tunnel Vision
773,J BALVIN,Amarillo
774,JASON ALDEAN,Dirt Road Anthem
775,RIHANNA,Needed Me
776,KINA,Get You The Moon (Feat. Snã¸W)
777,LIL UZI VERT,Sasuke
778,OLIVIA O'BRIEN,Josslyn
779,LIL PEEP,Star Shopping
780,DRAKE,Mob Ties
781,DABABY,Goin Baby
782,WALLOWS,Are You Bored Yet? (Feat. Clairo)
783,SUMMER WALKER,Girls Need Love
784,21 SAVAGE,Bank Account
785,DON TOLIVER,Euphoria (Feat. Travis Scott & Kaash Paige)
786,BRETT YOUNG,In Case You Didn'T Know
787,JOSEPH BLACK,(I Hope You) Miss Me
788,LIL TJAY,Leaked
789,BAZZI,Mine
790,ZAC BROWN BAND,Chicken Fried
791,YOUNGBOY NEVER BROKE AGAIN,Knocked Off
792,SHAKIRA,Hips Don'T Lie (Feat. Wyclef Jean)
793,INGRID ANDRESS,More Hearts Than Mine
794,FRENCH MONTANA,Cold (Feat. Tory Lanez)
795,VANCE JOY,Riptide
796,6LACK,Pretty Little Fears (Feat. J. Cole)
797,LIL SKIES,Red Roses (Feat. Landon Cube)
798,FRENCH MONTANA,Unforgettable (Feat. Swae Lee)
799,LIL WAYNE,Mona Lisa (Feat. Kendrick Lamar)
800,JHENÃ© AIKO,Speak
801,21 SAVAGE,Secret (Feat. Summer Walker)
802,LIL BABY,Hurtin
803,MADDIE & TAE,Die From A Broken Heart
804,ALEXANDER 23,Idk You Yet
805,LOUD LUXURY,Aftertaste (Feat. Morgan St. Jean)
806,NATANAEL CANO,Ella (Feat. Junior H)
807,NAV,I'M Up
808,DEAN LEWIS,Be Alright
809,YOUNGBOY NEVER BROKE AGAIN,On The Rest
810,JHENÃ© AIKO,Sativa (Feat. Swae Lee)
811,GOLDLINK,Crew (Feat. Brent Faiyaz & Shy Glizzy)
812,THE WEEKND,Starboy (Feat. Daft Punk)
813,TRAVIS SCOTT,Antidote
814,5 SECONDS OF SUMMER,Youngblood
815,LIL UZI VERT,Erase Your Social
816,"LUNAY, DADDY YANKEE & BAD BUNNY",Soltera (Remix)
817,"MIGOS, NICKI MINAJ & CARDI B",Motorsport
818,DOJA CAT,Rules
819,RODDY RICCH,Roll Dice
820,YOUNGBOY NEVER BROKE AGAIN,Long Rd
821,SNOOP DOGG & WIZ KHALIFA,"Young, Wild & Free (Feat. Bruno Mars)"
822,LUIS FONSI & DADDY YANKEE,Despacito (Feat. Justin Bieber) [Remix]
823,LIL WAYNE,I Do It (Feat. Big Sean & Lil Baby)
824,FRANK OCEAN,Nights
825,BRYCE VINE,La La Land (Feat. Yg)
826,LIL UZI VERT,Trap This Way (This Way)
827,BEYONCÃ©,Halo
828,THOMAS RHETT,"Be A Light (Feat. Reba Mcentire, Hillary Scott, Chris Tomlin & Keith Urban)"
829,BRUNO MARS,When I Was Your Man
830,TLC,No Scrubs
831,DRAKE,Passionfruit
832,HALSEY,Graveyard
833,OFFSET,Clout (Feat. Cardi B)
834,KEHLANI,Lexii'S Outro
835,BRENT FAIYAZ,Rehab (Winter In Paris)
836,5 SECONDS OF SUMMER,Old Me
837,MIGUEL,Adorn
838,SUMMER WALKER,Over It
839,"DREAMVILLE, J. COLE & LUTE",Under The Sun (Feat. Dababy)
840,CHANCE THE RAPPER,Hot Shower (Feat. Madeintyo & Dababy)
841,LUKE COMBS,"Houston, We Got A Problem"
842,CAMILA CABELLO,Havana (Feat. Young Thug)
843,DRAKE,In My Feelings
844,JUNIOR H,Mente Positiva
845,LIL TJAY,Ice Cold
846,TORY LANEZ & LIL TJAY,Accidents Happen
847,MAC MILLER,Good News
848,LIL BABY,Gang Signs
849,KEY GLOCK,Dough
850,USHER & ALICIA KEYS,My Boo
851,SAM SMITH,How Do You Sleep?
852,YOUNGBOY NEVER BROKE AGAIN,No Smoke
853,KHALID,Up All Night
854,FIVIO FOREIGN,Big Drip
855,LIL UZI VERT,Leaders (Feat. Nav)
856,RODDY RICCH,Moonwalkin (Feat. Lil Durk)
857,ROD WAVE,Heart On Ice (Remix) [Feat. Lil Durk]
858,SHEFF G,Weight On Me (Feat. Sleepy Hallow)
859,ALEC BENJAMIN,Oh My God
860,JIMMIE ALLEN & NOAH CYRUS,This Is Us
861,LIL NAS X,Panini
862,LIL UZI VERT,Lotus
863,JON PARDI,Ain'T Always The Cowboy
864,SECH,Confã­A (Feat. Daddy Yankee)
865,LORD HURON,The Night We Met
866,LIL NAS X & DABABY,Panini (Dababy Remix)
867,JACKBOYS & SHECK WES,Gang Gang
868,POP SMOKE,Dior (Remix) [Feat. Gunna]
869,YOUNGBOY NEVER BROKE AGAIN,Rip Lil Phat
870,YOUNGBOY NEVER BROKE AGAIN,Top Files
871,NOAH CYRUS,July
872,SUMMER WALKER,Potential
873,2KBABY,Old Streets
874,MOZZY,Body Count (Feat. G Herbo & King Von)
875,KANYE WEST,Stronger
876,ED SHEERAN,The A Team
877,SHORDIE SHORDIE,Bitchuary
878,FRANK OCEAN,Thinkin Bout You
879,YOUNGBOY NEVER BROKE AGAIN,Valuable Pain
880,ASHLEY MCBRYDE,One Night Standards
881,KHALID & NORMANI,Love Lies
882,A BOOGIE WIT DA HOODIE,My Sh*T
883,GUCCI MANE,I Get The Bag (Feat. Migos)
884,MICHAEL RAY,Her World Or Mine
885,DARIUS RUCKER,Wagon Wheel
886,BRYSON TILLER,Blame
887,"DÃ­MELO FLOW, ARCÃ¡NGEL & SECH",Sigues Con ÃL
888,LIL UZI VERT,You Was Right
889,FETTY WAP,My Way (Feat. Monty)
890,MAC MILLER,Weekend (Feat. Miguel)
891,CARDI B,Ring (Feat. Kehlani)
892,YNW MELLY,Freddy Krueger (Feat. Tee Grizzley)
893,DJ KHALED,"I'M The One (Feat. Justin Bieber, Quavo, Chance The Rapper & Lil Wayne)"
894,CHANCE THE RAPPER,No Problem (Feat. Lil Wayne & 2 Chainz)
895,TOTO,Africa
896,DJ KHALED,Wild Thoughts (Feat. Rihanna & Bryson Tiller)
897,"BAD BUNNY, KENDO KAPONI & ARCÃ¡NGEL",P Fkn R
898,KELSEA BALLERINI,The Other Girl (With Halsey) [The Other Mix]
899,MONEYBAGG YO,Pistol By Da Bed
900,"MEDUZA, BECKY HILL & GOODBOYS",Lose Control
901,J BALVIN,Morado
902,SUMMER WALKER,Nobody Else
903,SZA,Broken Clocks
904,CARRIE UNDERWOOD,Before He Cheats
905,JONAS BROTHERS,Only Human
906,ALICIA KEYS,If I Ain'T Got You
907,HARRY STYLES,Golden
908,BEYONCÃ©,Irreplaceable
909,MAC MILLER,Self Care
910,G HERBO,Friends & Foes
911,DRAKE,I'M Upset
912,JOHN LEGEND,All Of Me
913,LIL DICKY,Freaky Friday (Feat. Chris Brown)
914,KAASH PAIGE & 6LACK,Love Songs (Remix)
915,LOCASH,One Big Country Song
916,SHEFF G,Lil Big Bro Shit (Feat. Sleepy Hallow)
917,KENNY CHESNEY,Get Along
918,CHRIS BROWN & YOUNG THUG,Stolen
919,METRO BOOMIN,Space Cadet (Feat. Gunna)
920,"RAUW ALEJANDRO, DALEX & LENNY TAVÃ¡REZ",Elegã­ (Feat. Dã­Melo Flow)
921,PARTYNEXTDOOR,Come And See Me (Feat. Drake)
922,YOUNG DOLPH,Sunshine
923,MAREN MORRIS,To Hell & Back
924,KENDRICK LAMAR,Humble.
925,LOUD LUXURY,Body (Feat. Brando)
926,POLO G,Through Da Storm
927,SEAN KINGSTON,Beautiful Girls
928,THE WEEKND,Acquainted
929,JACKBOYS & TRAVIS SCOTT,What To Do? (Feat. Don Toliver)
930,JHENÃ© AIKO,Tryna Smoke (Feat. Micahfonecheck)
931,CHILDISH GAMBINO,3005
932,SUMMER WALKER & 6LACK,Like It
933,DRAKE,The Motto (Feat. Lil Wayne) [Bonus Track]
934,BRUNO MARS,24K Magic
935,THE 1975,If YouâRe Too Shy (Let Me Know)
936,OLIVIA RODRIGO,All I Want
937,CHRIS BROWN & YOUNG THUG,Animal
938,BÃRNS,Electric Love
939,LIL UZI VERT,Strawberry Peels (Feat. Young Thug & Gunna)
940,DR. DRE,Nuthin' But A G Thang (Feat. Snoop Dogg)
941,KEVIN GATES,Me Too
942,BILLIE EILISH,Wish You Were Gay
943,CARRIE UNDERWOOD,Drinking Alone
944,MARK MORRISON,Return Of The Mack
945,LIL UZI VERT,I Can Show You
946,BRETT ELDREDGE,Gabrielle
947,AC/DC,Thunderstruck
948,WIZ KHALIFA,Something New (Feat. Ty Dolla $Ign)
949,JUICE WRLD,Fast
950,THE NOTORIOUS B.I.G.,Juicy
951,"MULATTO, SAWEETIE & TRINA",B*Tch From Da Souf (Remix)
952,MONEYBAGG YO,Cold Shoulder
953,POP SMOKE,Like Me (Feat. Pnb Rock)
954,YOUNG THUG,Hop Off A Jet (Feat. Travis Scott)
955,LIL UZI VERT,Futsal Shuffle 2020
956,JUSTIN TIMBERLAKE,Can'T Stop The Feeling!
957,NICKI MINAJ,"Only (Feat. Drake, Lil Wayne & Chris Brown)"
958,MACHINE GUN KELLY,Candy (Feat. Trippie Redd)
959,FLIPP DINERO,Leave Me Alone
960,2 CHAINZ,"It'S A Vibe (Feat. Ty Dolla $Ign, Trey Songz & Jhenã© Aiko)"
961,BILLIE EILISH,All The Good Girls Go To Hell
962,ANDRA DAY,Rise Up
963,FRANK OCEAN,Ivy
964,MARSHMELLO,Silence (Feat. Khalid)
965,ARIANA GRANDE,God Is A Woman
966,DABABY,Pop Star (Feat. Kevin Gates)
967,GUNNA,Sold Out Dates (Feat. Lil Baby)
968,POST MALONE,Candy Paint
969,NAV,No Debate (Feat. Young Thug)
970,MONEYBAGG YO,Yomii
971,JUICE WRLD,Let Me Know (I Wonder Why Freestyle)
972,KHALID,Coaster
973,NOAH CYRUS & LEON BRIDGES,July
974,"LIL TJAY, SHEFF G & SLEEPY HALLOW",Wet Em Up Pt. 2
975,POST MALONE,A Thousand Bad Times
976,GUNNA,Who You Foolin
977,FLORIDA GEORGIA LINE,Talk You Out Of It
978,AVA MAX,Sweet But Psycho
979,YOUNGBOY NEVER BROKE AGAIN,Bat Man
980,YOUNGBOY NEVER BROKE AGAIN,Rich As Hell
981,SKI MASK THE SLUMP GOD,Faucet Failure
982,J. COLE,Kevin'S Heart
983,CARDI B & BRUNO MARS,Please Me
984,DABABY,Intro
985,JHENÃ© AIKO,10K Hours (Feat. Nas)
986,SADA BABY,Aktivated
987,METALLICA,Enter Sandman
988,LIL WAYNE,A Milli
989,DRAKE,From Time (Feat. Jhene Aiko)
990,A BOOGIE WIT DA HOODIE,Reply (Feat. Lil Uzi Vert)
991,POST MALONE,I'M Gonna Be
992,BLACKBEAR,Me & Ur Ghost
993,DOJA CAT,Juicy
994,LAUV,Modern Loneliness
995,RIHANNA,Love On The Brain
996,KYGO & ONEREPUBLIC,Lose Somebody
997,THE WEEKND,After Hours
998,POLO G,Finer Things
999,ROD WAVE,The Last Sad Song
1000,THE CHAINSMOKERS & COLDPLAY,Something Just Like This
1001,50 CENT,In Da Club
1002,BEYONCÃ©,Crazy In Love (Feat. Jay-Z)
1003,AC/DC,You Shook Me All Night Long
1004,XXXTENTACION,The Remedy For A Broken Heart (Why Am I So In Love)
1005,RYAN HURD,Every Other Memory
1006,POST MALONE,Stay
1007,"TYLER, THE CREATOR",See You Again (Feat. Kali Uchis)
1008,MEEK MILL,24/7 (Feat. Ella Mai)
1009,CODY JOHNSON,On My Way To You
1010,EMINEM,Lucky You (Feat. Joyner Lucas)
1011,HARRY STYLES,Cherry
1012,LIL UZI VERT,Moon Relate
1013,SHEFF G,2Nd Intro
1014,MICHAEL JACKSON,Billie Jean
1015,CARDI B,Bartier Cardi (Feat. 21 Savage)
1016,SAM SMITH,Too Good At Goodbyes
1017,LIL TJAY,Brothers
1018,ZAC BROWN BAND,Toes
1019,CHRIS BROWN & YOUNG THUG,I Ain'T Tryin'
1020,FLORIDA GEORGIA LINE,Simple
1021,TAYLOR SWIFT,Me! (Feat. Brendon Urie Of Panic! At The Disco)
1022,LIL UZI VERT,No Auto (Feat. Lil Durk)
1023,JON PARDI,Heartache Medication
1024,BAD BUNNY,La Romana (Feat. El Alfa)
1025,BRETT YOUNG,Mercy
1026,YOUNGBOY NEVER BROKE AGAIN,Ttg (Feat. Kevin Gates)
1027,THE WEEKND,Die For You
1028,SECH,Casino
1029,YG,Go Loko (Feat. Tyga & Jon Z)
1030,"BENNY BLANCO, HALSEY & KHALID",Eastside
1031,LIL WAYNE,Uproar (Feat. Swizz Beatz)
1032,A BOOGIE WIT DA HOODIE,Mood Swings
1033,LINKIN PARK,In The End
1034,AVA MAX,Kings & Queens
1035,YOUNGBOY NEVER BROKE AGAIN,Cross Me (Feat. Lil Baby And Plies)
1036,DRAKE,Teenage Fever
1037,YOUNG THUG,Hot (Remix) [Feat. Gunna And Travis Scott]
1038,PARDISON FONTAINE,Backin' It Up (Feat. Cardi B)
1039,MURDA BEATZ & YNW MELLY,Banana Split (Feat. Lil Durk)
1040,IANN DIOR,Sick And Tired (Feat. Machine Gun Kelly & Travis Barker)
1041,LIL UZI VERT,Money Spread (Feat. Young Nudy)
1042,KEHLANI,All Me (Feat. Keyshia Cole)
1043,PANIC! AT THE DISCO,I Write Sins Not Tragedies
1044,MORGAN WALLEN,Talkin' Tennessee
1045,TAY MONEY,Bussin
1046,POP SMOKE,Invincible
1047,BILLIE EILISH,Listen Before I Go
1048,H.E.R.,Focus
1049,LIL UZI VERT,Come This Way
1050,HOZIER,Take Me To Church
1051,HARRY STYLES,Sign Of The Times
1052,NATANAEL CANO,Pacas Verdes (Feat. Ovi)
1053,EMINEM,Love The Way You Lie (Feat. Rihanna)
1054,J. COLE,Kod
1055,A BOOGIE WIT DA HOODIE,Cinderella Story
1056,ARIZONA ZERVAS,Fml
1057,POST MALONE,Rich & Sad
1058,SUMMER WALKER,Playing Games
1059,"OZUNA, MAMBO KINGZ & DJ LUIAN","Solita (Feat. Bad Bunny, Wisin & Almighty)"
1060,PNB ROCK,Selfish
1061,BAD BUNNY & MYKE TOWERS,Puesto Pa' Guerrial
1062,KAROL G & ANUEL AA,Follow
1063,TINK,Cut It Out
1064,LIL UZI VERT,Got The Guap (Feat. Young Thug)
1065,BAZZI,Paradise
1066,DUSTIN LYNCH,Ridin' Roads
1067,YOUNGBOY NEVER BROKE AGAIN,In Control
1068,TONES AND I,Never Seen The Rain
1069,MIGOS,Slippery (Feat. Gucci Mane)
1070,BLOCBOY JB,Look Alive (Feat. Drake)
1071,JOURNEY,Don'T Stop Believin'
1072,ROY WOODS,Drama (Feat. Drake)
1073,"SUMMER WALKER, LONDON ON DA TRACK & CHRIS BROWN",Something Real
1074,SHAGGY,It Wasn'T Me (Feat. Ricardo Ducent)
1075,MOZZY,So Lonely (Feat. Shordie Shordie)
1076,KODAK BLACK,Pimpin Ain'T Eazy
1077,LIL KEED,Snake
1078,ED SHEERAN,South Of The Border (Feat. Camila Cabello & Cardi B)
1079,DRAKE,Behind Barz (Bonus)
1080,MARK RONSON,Uptown Funk (Feat. Bruno Mars)
1081,ESTELLE,American Boy (Feat. Kanye West)
1082,JASON ALDEAN,Drowns The Whiskey (Feat. Miranda Lambert)
1083,JUICE WRLD,Hide (Feat. Seezyn)
1084,ZAC BROWN BAND,Knee Deep (Feat. Jimmy Buffett)
1085,LADY GAGA,Always Remember Us This Way
1086,SUMMER WALKER,Anna Mae
1087,FUN.,We Are Young (Feat. Janelle Monã¡E)
1088,LIL MOSEY,Stuck In A Dream (Feat. Gunna)
1089,LIL JON & THE EAST SIDE BOYZ & YING YANG TWINS,Get Low
1090,THE NEIGHBOURHOOD,Sweater Weather
1091,FRANK OCEAN,Godspeed
1092,T-PAIN,Buy U A Drank (Shawty Snappin') [Feat. Yung Joc]
1093,MARSHMELLO & RODDY RICCH,Project Dreams
1094,LIL TJAY,Hold On
1095,BRETT YOUNG,Catch
1096,LIL TECCA,Ransom
1097,TIM MCGRAW,I Called Mama
1098,JUICE WRLD,Feeling
1099,CITY GIRLS,Twerk (Feat. Cardi B)
1100,BRELAND,My Truck
1101,H.E.R.,Could'Ve Been (Feat. Bryson Tiller)
1102,A BOOGIE WIT DA HOODIE,Thug Love
1103,JHENÃ© AIKO,One Way St. (Feat. Ab-Soul)
1104,LAUV,I Like Me Better
1105,CHRIS JANSON,Done
1106,GROUPLOVE,Tongue Tied
1107,KIANA LEDÃ©,Honest.
1108,HARRY STYLES,"Sunflower, Vol. 6"
1109,PASSENGER,Let Her Go
1110,NAV,My Business (Feat. Future)
1111,TRIPPIE REDD,Death (Feat. Dababy)
1112,RODDY RICCH,Gods Eyes
1113,JUICE WRLD,Flaws And Sins
1114,MONEYBAGG YO,Protect Da Brand (Feat. Dababy)
1115,MIGOS,Walk It Talk It (Feat. Drake)
1116,BLIND.SEE & BRYOZA,Rockstar Shit
1117,"RAUW ALEJANDRO, ANUEL AA & NATTI NATASHA",Fantasã­As (Feat. Farruko & Lunay) [Remix]
1118,TYLER CHILDERS,Lady May
1119,SHEFF G,Moody
1120,CHRIS BROWN,Look At Me Now (Feat. Lil Wayne & Busta Rhymes)
1121,NIPSEY HUSSLE,Hussle & Motivate
1122,TYLER CHILDERS,All Your'N
1123,ELLA MAI,Naked (Bonus Track)
1124,ROD WAVE,Chip On My Shoulder
1125,ANUEL AA & KAROL G,Secreto
1126,FIVIO FOREIGN,Demons & Goblins (Feat. Meek Mill)
1127,MARIAH CAREY,We Belong Together
1128,YOUNGBOY NEVER BROKE AGAIN,Slime Mentality
1129,KANYE WEST,Follow God
1130,TRAVIS SCOTT,90210 (Feat. Kacy Hill)
1131,BRELAND,My Truck (Feat. Sam Hunt) [Remix]
1132,DRAKE,Controlla
1133,"BAD BUNNY, DUKI & PABLO CHILL-E",Hablamos Maã±Ana
1134,DRAKE,Headlines
1135,ANUEL AA,Keii
1136,NLE CHOPPA,Shotta Flow (Feat. Blueface) [Remix]
1137,KEVIN GATES,Fatal Attraction
1138,BACKSTREET BOYS,I Want It That Way
1139,"JHAY CORTEZ, ANUEL AA & J BALVIN",Medusa
1140,JHENÃ© AIKO,While We'Re Young
1141,A BOOGIE WIT DA HOODIE,R.O.D.
1142,COOKIEE KAWAII,Vibe (If I Back It Up)
1143,OUTKAST,Hey Ya! (Radio Mix / Club Mix)
1144,PLAYBOI CARTI,Wokeuplikethis* (Feat. Lil Uzi Vert)
1145,KEVIN GATES,Bags
1146,MONEYBAGG YO,Federal Fed (Feat. Future)
1147,SCOTTY MCCREERY,In Between
1148,FRANK OCEAN,Pink + White
1149,SHORELINE MAFIA,"Bands (Feat. Ohgeesy, Fenix Flexin & Master Kato)"
1150,TEE GRIZZLEY,From The D To The A (Feat. Lil Yachty)
1151,CHRIS STAPLETON,Broken Halos
1152,JACKBOY,Pressure
1153,NIRVANA,Smells Like Teen Spirit
1154,LIL WAYNE,Lollipop (Feat. Static Major)
1155,KANYE WEST,All Of The Lights
1156,TRAVIS SCOTT,Highest In The Room (Remix) [Feat. RosalãA & Lil Baby]
1157,TRAVIS SCOTT,Astrothunder
1158,6IX9INE,Kika (Feat. Tory Lanez)
1159,A$AP ROCKY,"F**Kin' Problems (Feat. Drake, 2 Chainz & Kendrick Lamar)"
1160,K CAMP,Lottery (Renegade)
1161,TORY LANEZ,Who Needs Love
1162,JUSTIN BIEBER,Come Around Me
1163,XXXTENTACION,Hope
1164,ROD WAVE,Titanic (Feat. Kevin Gates)
1165,LIL SKIES,Lust
1166,YOUNGBOY NEVER BROKE AGAIN,Suited Panamera (Feat. Quando Rondo)
1167,MORGAN WALLEN,Little Rain
1168,JUICE WRLD,Maze
1169,K CAMP,Friendly (Feat. Yung Bleu)
1170,DUA LIPA,New Rules
1171,BILLIE EILISH,My Strange Addiction
1172,G-EAZY,Still Be Friends (Feat. Tory Lanez & Tyga)
1173,DRAKE,"Hold On, We'Re Going Home (Feat. Majid Jordan)"
1174,A$AP ROCKY,Praise The Lord (Da Shine) [Feat. Skepta]
1175,RUSS,Missin You Crazy
1176,LIZZO,Juice
1177,IMAGINE DRAGONS,Whatever It Takes
1178,BILLIE EILISH,Xanny
1179,BILLIE EILISH,No Time To Die
1180,GIVEON,The Beach
1181,NLE CHOPPA,Shotta Flow
1182,KANYE WEST,All Mine
1183,SHORELINE MAFIA,Gangstas & Sippas (Feat. Q Da Fool)
1184,JIMMIE ALLEN,Best Shot
1185,QUEEN NAIJA,Medicine
1186,TRIPPIE REDD,Hate Me (Feat. Youngboy Never Broke Again)
1187,FLO MILLI,In The Party
1188,RIHANNA,Work (Feat. Drake)
1189,IDINA MENZEL & EVAN RACHEL WOOD,Show Yourself
1190,CHILDISH GAMBINO,This Is America
1191,YOUNGBOY NEVER BROKE AGAIN,Rebel'S Kick It
1192,KYGO & WHITNEY HOUSTON,Higher Love
1193,BAD BUNNY,<3
1194,A$AP ROCKY,L$D
1195,DABABY,Off The Rip
1196,DRAKE,One Dance (Feat. Wizkid & Kyla)
1197,LIL BABY,Time (Feat. Meek Mill)
1198,THE WEEKND,Save Your Tears
1199,LUKAS GRAHAM,7 Years
1200,"CALVIN HARRIS, DUA LIPA",One Kiss
1201,AC/DC,Highway To Hell
1202,JASON MRAZ,I'M Yours
1203,SHEFF G,Note To Self
1204,DESTINY'S CHILD,Say My Name
1205,"KENDRICK LAMAR, SZA",All The Stars
1206,RIHANNA,Umbrella (Feat. Jay Z)
1207,THE WEEKND,I Feel It Coming (Feat. Daft Punk)
1208,THE LUMINEERS,Ophelia
1209,ELLA MAI,Shot Clock
1210,DRAKE,Jaded
1211,"LAYTON GREENE, LIL BABY & CITY GIRLS",Leave Em Alone (Feat. Pnb Rock)
1212,PORTUGAL. THE MAN,Feel It Still
1213,NIPSEY HUSSLE,Grinding All My Life
1214,BAD BUNNY,Ni Bien Ni Mal
1215,KANYE WEST,Gold Digger (Feat. Jamie Foxx)
1216,LIL TJAY & J.I THE PRINCE OF N.Y,My City
1217,"ZEDD, MAREN MORRIS & GREY",The Middle
1218,ADELE,Rolling In The Deep
1219,LYNYRD SKYNYRD,Sweet Home Alabama
1220,YOUNGBOY NEVER BROKE AGAIN,Seeming Like It
1221,POST MALONE,Staring At The Sun (Feat. Sza)
1222,JHENÃ© AIKO,Lightning & Thunder (Feat. John Legend)
1223,BILLIE EILISH,Bellyache
1224,RUSS,What They Want
1225,DRAKE,All Me (Feat. 2 Chainz & Big Sean)
1226,SUMMER WALKER,Me
1227,NAV,Tap (Feat. Meek Mill)
1228,WHITNEY HOUSTON,I Wanna Dance With Somebody (Who Loves Me)
1229,MONEYBAGG YO,Speak 4 Em
1230,TOKYOÂS REVENGE,Goodmorningtokyo!
1231,QUANDO RONDO,Abg
1232,DON TOLIVER,Can'T Feel My Legs
1233,LIL YACHTY,Yacht Club (Feat. Juice Wrld)
1234,LIL PEEP,Save That Shit
1235,JHENÃ© AIKO,Pray For You
1236,ALINA BARAZ,More Than Enough
1237,DRAM,Broccoli (Feat. Lil Yachty)
1238,LIL TJAY,One Take
1239,JHENÃ© AIKO,Surrender (Feat. Dr. Chill)
1240,HIPPIE SABOTAGE,Devil Eyes
1241,DABABY,21
1242,POST MALONE,Spoil My Night (Feat. Swae Lee)
1243,KEVIN GATES,Walls Talking
1244,YOUNGBOY NEVER BROKE AGAIN,Through The Storm
1245,YOUNGBOY NEVER BROKE AGAIN,How You Want It
1246,POST MALONE,Allergic
1247,SUMMER WALKER,Fun Girl
1248,RAE SREMMURD,Come Get Her
1249,K CAMP,Tatted Up (Feat. Fabo)
1250,CHIEF KEEF,Love Sosa
1251,A BOOGIE WIT DA HOODIE,Might Not Give Up (Feat. Young Thug)
1252,FINNEAS,Let'S Fall In Love For The Night
1253,PLAYBOI CARTI,Magnolia
1254,SUBLIME,Santeria
1255,USHER,U Got It Bad
1256,CAGE THE ELEPHANT,Cigarette Daydreams
1257,KIANA LEDÃ©,Forfeit. (Feat. Lucky Daye)
1258,YOUNGBOY NEVER BROKE AGAIN,Untouchable
1259,AMINÃ©,Caroline
1260,"JAY ROCK, KENDRICK LAMAR, FUTURE, JAMES BLAKE",King'S Dead
1261,DRAKE & FUTURE,Jumpman
1262,BIG SEAN,I Don'T F**K With You (Feat. E-40)
1263,THE KID LAROI,Diva (Feat. Lil Tecca)
1264,DRAKE,Hyfr (Hell Ya F*****G Right) [Feat. Lil Wayne]
1265,JESSIE REYEZ & 6LACK,Imported
1266,A BOOGIE WIT DA HOODIE,Dtb 4 Life
1267,POLO G,Dyin Breed
1268,JHENÃ© AIKO,Born Tired
1269,NICKELBACK,How You Remind Me
1270,2PAC,Ambitionz Az A Ridah
1271,DRAKE,Portland (Feat. Quavo & Travis Scott)
1272,MEEK MILL,All Eyes On You (Feat. Chris Brown & Nicki Minaj)
1273,SUMMER WALKER,Off Of You
1274,YOUNGBOY NEVER BROKE AGAIN,Call Me Late
1275,HARRY STYLES,To Be So Lonely
1276,NELLY,Dilemma (Feat. Kelly Rowland)
1277,WALE,Lotus Flower Bomb (Feat. Miguel)
1278,YOUNGBOY NEVER BROKE AGAIN,Carter Son
1279,ALICIA KEYS,No One
1280,MOZZY,I AinâT Perfect (Feat. Blxst)
1281,QUEEN NAIJA,Butterflies
1282,YOUNGBOY NEVER BROKE AGAIN,Okay
1283,M83,Midnight City
1284,JORDAN DAVIS,Singles You Up
1285,ALESSIA CARA,Out Of Love
1286,DVSN,Between Us (Feat. Snoh Aalegra)
1287,KODAK BLACK,Transportin'
1288,21 SAVAGE & METRO BOOMIN,No Heart
1289,XXXTENTACION,Look At Me!
1290,FLORIDA GEORGIA LINE,This Is How We Roll (Feat. Luke Bryan)
1291,POST MALONE,Feeling Whitney
1292,6IX9INE,Billy
1293,DRAKE,Take Care (Feat. Rihanna)
1294,RODDY RICCH,Intro
1295,WIZ KHALIFA,See You Again (Feat. Charlie Puth)
1296,THE NOTORIOUS B.I.G.,Hypnotize
1297,K CAMP,Ice Cold
1298,LADY ANTEBELLUM,Need You Now
1299,NIPSEY HUSSLE,Victory Lap (Feat. Stacy Barthe)
1300,ADELE,Hello
1301,LINKIN PARK,Numb
1302,JHENÃ© AIKO,The Worst
1303,THE KILLERS,Mr. Brightside
1304,PARTYNEXTDOOR,Break From Toronto
1305,21 SAVAGE,Can'T Leave Without It
1306,YOUNGBOY NEVER BROKE AGAIN,No Understand
1307,QUEEN,Bohemian Rhapsody
1308,50 CENT,21 Questions (Feat. Nate Dogg) [Feat. Nate Dogg]
1309,EMINEM,The Real Slim Shady
1310,LIL TJAY,Shoot For The Stars (Feat. Fivio Foreign)
1311,THE WEEKND,Hardest To Love
1312,TRIPPIE REDD,Love Scars
1313,DRAKE,Trust Issues
1314,YOUNGBOY NEVER BROKE AGAIN,Where The Love At
1315,HALSEY,Bad At Love
1316,H.E.R.,Every Kind Of Way
1317,A BOOGIE WIT DA HOODIE,Demons And Angels (Feat. Juice Wrld)
1318,NAV,Relax
1319,EMINEM,'Till I Collapse (Feat. Nate Dogg)
1320,NF,Let You Down
1321,CALUM SCOTT,You Are The Reason
1322,KENDRICK LAMAR,Money Trees (Feat. Jay Rock)
1323,SHEFF G,Tonight 2
1324,SNOH AALEGRA,I Want You Around (Remix) [Feat. 6Lack]
1325,DRAKE,Fake Love
1326,DRAKE,Fire & Desire
1327,NOAH CYRUS,Young & Sad
1328,BILLIE EILISH,Hostage
1329,KENDRICK LAMAR,Loyalty. (Feat. Rihanna.)
1330,M.I.A.,Paper Planes
1331,THE WEEKND,Alone Again
1332,MIDLAND,Drinkin' Problem
1333,MONEYBAGG YO,Pop My Shit
1334,JOJO,Comeback (Feat. Tory Lanez & 30 Roc)
1335,RUSS,"Psycho, Pt. 2"
1336,JON PARDI,Dirt On My Boots
1337,KID CUDI,Day 'N' Nite
1338,MAROON 5,She Will Be Loved
1339,ELLA MAI,Boo'D Up
1340,CHARLI XCX,Enemy
1341,GIVEON,Like I Want You
1342,LIL WAYNE,Mrs. Officer (Feat. Bobby V & Kidd Kidd)
1343,JEREMY ZUCKER & CHELSEA CUTLER,You Were Good To Me
1344,LIL BABY,All Of A Sudden (Feat. Moneybagg Yo)
1345,EMINEM,Without Me
1346,BLACKBEAR,Do Re Mi
1347,MIGOS,Stir Fry
1348,SUMMER WALKER,Session 32
1349,KODALINE,All I Want
1350,JON PARDI,Head Over Boots
1351,NF,If You Want Love
1352,DRAKE,Crew Love (Feat. The Weeknd)
1353,KID CUDI,Pursuit Of Happiness (Nightmare) [Feat. Mgmt & Ratatat]
1354,THE WEEKND,Often
1355,NAV,Myself
1356,JON PARDI,Night Shift
1357,6LACK,Prblms
1358,JON PARDI,Heartache On The Dance Floor
1359,BILLIE EILISH,Copycat
1360,FLORIDA GEORGIA LINE,H.O.L.Y.
1361,MABEL,Boyfriend
1362,KENNY CHESNEY,Here And Now
1363,JEREMIH,Planez (Feat. J. Cole)
1364,J. COLE,Neighbors
1365,AVICII,Wake Me Up
1366,LIL WAYNE,Love Me (Feat. Drake & Future)
1367,DRAKE,Feel No Ways
1368,DR. DRE,Forgot About Dre (Feat. Eminem)
1369,SAM HUNT,Break Up In A Small Town
1370,JAYMES YOUNG,Happiest Year
1371,DRAKE,Started From The Bottom
1372,NF,Lie
1373,KENDRICK LAMAR,Dna.
1374,DR. DRE,Still D.R.E. (Feat. Snoop Dogg)
1375,DRAKE,Too Good (Feat. Rihanna)
1376,THOMAS RHETT,Die A Happy Man
1377,SOULJA BOY TELL 'EM,Kiss Me Thru The Phone (Feat. Sammie)
1378,2PAC,California Love (Feat. Roger Troutman & Dr. Dre)
1379,LIL WAYNE,6 Foot 7 Foot (Feat. Cory Gunz)
1380,KEITH URBAN,Blue Ain'T Your Color
1381,JORDAN DAVIS,Cool Anymore (Feat. Julia Michaels)
1382,JEREMIH,Oui
1383,TRIPPIE REDD,Dark Knight Dummo (Feat. Travis Scott)
1384,BILLIE EILISH,My Boy
1385,CALUM SCOTT,Dancing On My Own
1386,ASHANTI,Foolish
1387,SAM SMITH,Stay With Me
1388,RAE SREMMURD,Black Beatles (Feat. Gucci Mane)
1389,DRAKE,Doing It Wrong
1390,NE-YO,So Sick
1391,DRAKE,Energy
1392,THE WEEKND,Earned It (Fifty Shades Of Grey)
1393,ARIANA GRANDE,Side To Side (Feat. Nicki Minaj)
1394,"DRAKE, KANYE WEST, LIL WAYNE & EMINEM",Forever
1395,DRAKE,Childs Play
1396,DRAKE,Do Not Disturb
1397,DRAKE,Shot For Me
1398,FLORIDA GEORGIA LINE,U.S. Stronger
